gesture,min_x,max_x,min_y,max_y
right,0.23557831048965455,0.6114385008811951,0.37315107583999635,0.7636223316192627
