gesture,min_x,max_x,min_y,max_y
right,0.2888173580169678,0.8409816503524781,0.1963306486606598,0.686685073375702
