gesture,min_x,max_x,min_y,max_y
right,0.29326356649398805,0.8285800695419312,0.20149014592170716,0.6740124702453614
