gesture,min_x,max_x,min_y,max_y
right,0.4156462562084198,0.7166090297698975,0.5532593441009521,0.7824086236953736
