gesture,min_x,max_x,min_y,max_y
right,0.18875108361244203,0.747598397731781,0.30110443830490113,0.6388280868530274
