gesture,min_x,max_x,min_y,max_y
right,0.1808114916086197,0.7518765211105347,0.31418408155441285,0.6470932245254517
