gesture,min_x,max_x,min_y,max_y
right,0.2924416184425354,0.847523856163025,0.20017881393432618,0.6873159289360047
