gesture,min_x,max_x,min_y,max_y
right,0.2724552571773529,0.6743020296096802,0.36441476345062257,0.7544062018394471
