gesture,min_x,max_x,min_y,max_y
right,0.29604525566101075,0.6822541236877442,0.2689203441143036,0.6966072797775269
