gesture,min_x,max_x,min_y,max_y
right,0.24744523763656617,0.6391442894935608,0.36876548528671266,0.7486520290374756
