gesture,min_x,max_x,min_y,max_y
right,0.28099910616874696,0.6822537660598755,0.3606971025466919,0.7550830125808716
