gesture,min_x,max_x,min_y,max_y
right,0.32774240970611573,0.8818275809288025,0.25389004945755006,0.7289805889129639
