gesture,min_x,max_x,min_y,max_y
right,0.29053438901901246,0.6755641579627991,0.0723941147327423,0.4564026176929474
