gesture,min_x,max_x,min_y,max_y
right,0.3137645244598389,0.7014388918876648,0.26322890520095826,0.7013992547988892
