gesture,min_x,max_x,min_y,max_y
right,0.27626402378082277,0.6702839016914368,0.34017683267593385,0.7456367492675782
