gesture,min_x,max_x,min_y,max_y
right,0.32371158599853517,0.86920325756073,0.21637044548988343,0.7056038856506348
