gesture,min_x,max_x,min_y,max_y
right,0.20824892520904542,0.760372805595398,0.28341288566589357,0.6339132070541382
