gesture,min_x,max_x,min_y,max_y
right,0.27785946130752565,0.6801376819610596,0.3731846332550049,0.7614343643188477
