gesture,min_x,max_x,min_y,max_y
right,0.27590973377227784,0.6736513853073121,0.37215508222579957,0.7554710388183594
