gesture,min_x,max_x,min_y,max_y
right,0.5140151691436767,0.8226799058914185,0.535894603729248,0.7677358078956604
