gesture,min_x,max_x,min_y,max_y
right,0.3151219606399536,0.726742434501648,0.25168116092681886,0.6914794325828553
