gesture,min_x,max_x,min_y,max_y
right,0.29202176332473756,0.8102325081825257,0.22000835537910463,0.6842912912368775
