gesture,min_x,max_x,min_y,max_y
right,0.3055354475975037,0.7829262495040894,0.23453847765922547,0.6902732729911805
