gesture,min_x,max_x,min_y,max_y
right,0.31354732513427735,0.8713273286819458,0.2214454233646393,0.7033634662628174
