gesture,min_x,max_x,min_y,max_y
right,0.2814599394798279,0.6845272064208985,0.36483968496322633,0.7533858299255372
