gesture,min_x,max_x,min_y,max_y
right,0.2979784429073334,0.8519577264785767,0.20417435169219972,0.690041470527649
