gesture,min_x,max_x,min_y,max_y
right,0.2719307065010071,0.6652718663215638,0.3501506865024567,0.7521876573562623
