gesture,min_x,max_x,min_y,max_y
right,0.3001062095165253,0.6593776226043702,0.3566617488861084,0.7051091074943543
