gesture,min_x,max_x,min_y,max_y
right,0.18570071160793306,0.7397953748703003,0.2959190130233765,0.6465117812156678
