gesture,min_x,max_x,min_y,max_y
right,0.33338108777999875,0.6182631540298462,0.562566967010498,0.7790293383598328
