gesture,min_x,max_x,min_y,max_y
right,0.2920812487602234,0.837285327911377,0.1947064518928528,0.6812989592552186
