gesture,min_x,max_x,min_y,max_y
right,0.2968429636955261,0.5619479703903199,0.5675798964500427,0.7697628426551819
