gesture,min_x,max_x,min_y,max_y
right,0.2763955116271973,0.6766088485717774,0.35760475397109986,0.7493209123611451
