gesture,min_x,max_x,min_y,max_y
right,0.19140331149101258,0.7325199723243714,0.2859819054603577,0.637578296661377
