gesture,min_x,max_x,min_y,max_y
right,0.3279389262199402,0.8819518566131592,0.26519776582717897,0.7408403635025025
