gesture,min_x,max_x,min_y,max_y
right,0.2726155936717987,0.6743761777877808,0.3608191430568695,0.7547679424285889
