gesture,min_x,max_x,min_y,max_y
right,0.2949249756336212,0.5678401875495911,0.5610266041755676,0.7675404834747315
