gesture,min_x,max_x,min_y,max_y
right,0.2984702706336975,0.8050482749938965,0.22754014730453492,0.6832650184631348
