gesture,min_x,max_x,min_y,max_y
right,0.2916035771369934,0.820107388496399,0.21303094625473024,0.6833036422729493
