gesture,min_x,max_x,min_y,max_y
right,0.2330500602722168,0.6104085922241211,0.4037925124168396,0.7904105067253113
