gesture,min_x,max_x,min_y,max_y
right,0.2933957099914551,0.8024440884590149,0.22589932084083558,0.6831710815429688
