gesture,min_x,max_x,min_y,max_y
right,0.23994017839431764,0.6191983699798584,0.41342724561691285,0.797092604637146
