gesture,min_x,max_x,min_y,max_y
right,0.24177671670913697,0.6267314434051514,0.36646748781204225,0.7579989314079285
