gesture,min_x,max_x,min_y,max_y
right,0.3316242814064026,0.8840376615524292,0.2719033479690552,0.749027419090271
