gesture,min_x,max_x,min_y,max_y
right,0.32108755111694337,0.8809333324432373,0.22818673849105836,0.7073258638381958
