gesture,min_x,max_x,min_y,max_y
right,0.23194916248321534,0.6095300197601319,0.3909880042076111,0.779142427444458
