gesture,min_x,max_x,min_y,max_y
right,0.29732212543487546,0.5662955331802368,0.5676759791374206,0.7698329377174378
