gesture,min_x,max_x,min_y,max_y
right,0.2582684874534607,0.6349739313125611,0.41407443284988404,0.7947330355644227
