gesture,min_x,max_x,min_y,max_y
right,0.2933854579925537,0.6899049162864686,0.3282007992267609,0.7180786609649659
