gesture,min_x,max_x,min_y,max_y
right,0.5848672103881836,0.8885608005523682,0.35013863563537595,0.5538966345787049
