gesture,min_x,max_x,min_y,max_y
right,0.28667922019958497,0.6783891201019288,0.3384319067001343,0.7334274530410767
