gesture,min_x,max_x,min_y,max_y
right,0.2810815989971161,0.6846839666366578,0.3693960428237915,0.7607688784599305
