gesture,min_x,max_x,min_y,max_y
right,0.17610262036323548,0.7402207732200623,0.303419691324234,0.6473989963531495
