gesture,min_x,max_x,min_y,max_y
right,0.33117384910583497,0.8853121876716614,0.2717673897743225,0.753860342502594
