gesture,min_x,max_x,min_y,max_y
right,0.5627590727806091,0.8662048268318177,0.5284811568260193,0.7507549214363098
