gesture,min_x,max_x,min_y,max_y
right,0.19007616937160493,0.7443917870521546,0.2918707847595215,0.6357683420181275
