gesture,min_x,max_x,min_y,max_y
right,0.5880430650711059,0.8876936721801758,0.39569512128829953,0.6100860524177552
