gesture,min_x,max_x,min_y,max_y
right,0.29096676111221315,0.6859142065048218,0.2576017200946808,0.6891403079032898
