gesture,min_x,max_x,min_y,max_y
right,0.1958091974258423,0.7363449215888977,0.28962106704711915,0.6455343246459961
