gesture,min_x,max_x,min_y,max_y
right,0.3070672869682312,0.8618858933448792,0.21642394065856935,0.6974947333335877
