gesture,min_x,max_x,min_y,max_y
right,0.33374897837638856,0.8785520076751709,0.312565815448761,0.793067741394043
