gesture,min_x,max_x,min_y,max_y
right,0.2889762043952942,0.8229550004005433,0.2036957859992981,0.681160855293274
