gesture,min_x,max_x,min_y,max_y
right,0.2691889226436615,0.6636994361877442,0.35979042649269105,0.7508894681930542
