gesture,min_x,max_x,min_y,max_y
right,0.3332753896713257,0.8599547624588013,0.3577650308609009,0.8494480729103089
