gesture,min_x,max_x,min_y,max_y
right,0.26727534532547,0.6633270859718323,0.3601765751838684,0.7583514332771302
