gesture,min_x,max_x,min_y,max_y
right,0.318385523557663,0.8742731094360352,0.22375924587249757,0.7058415293693543
