gesture,min_x,max_x,min_y,max_y
right,0.2637111067771912,0.6554431200027466,0.3677205264568329,0.7578997492790223
