gesture,min_x,max_x,min_y,max_y
right,0.27336902618408204,0.6479637503623963,0.4184383273124695,0.7940668940544129
