gesture,min_x,max_x,min_y,max_y
right,0.22975362539291383,0.6071454763412476,0.38489742279052735,0.7736039638519288
