gesture,min_x,max_x,min_y,max_y
right,0.33350749015808107,0.8676956176757813,0.34375782012939454,0.8285226702690125
