gesture,min_x,max_x,min_y,max_y
right,0.26740522384643556,0.666894006729126,0.36755691170692445,0.7478175044059754
