gesture,min_x,max_x,min_y,max_y
right,0.1900266081094742,0.7352668523788453,0.29300708770751954,0.6476632833480835
