gesture,min_x,max_x,min_y,max_y
right,0.5912342977523803,0.8933575439453125,0.5126317453384399,0.7294110941886902
