gesture,min_x,max_x,min_y,max_y
right,0.27979267835617067,0.6810195922851563,0.35664806962013246,0.7524936079978943
