gesture,min_x,max_x,min_y,max_y
right,0.2845525562763214,0.6704050779342652,0.06784252524375915,0.4678919196128845
