gesture,min_x,max_x,min_y,max_y
right,0.17878265380859376,0.736366617679596,0.30453736782073976,0.6385434150695801
