gesture,min_x,max_x,min_y,max_y
right,0.3274486780166626,0.880887794494629,0.23875693678855897,0.7204803109169007
