gesture,min_x,max_x,min_y,max_y
right,0.2527801215648651,0.627883005142212,0.4139025926589966,0.7919078350067139
