gesture,min_x,max_x,min_y,max_y
right,0.28828094601631166,0.8404967069625855,0.19513614177703859,0.6867539167404175
