gesture,min_x,max_x,min_y,max_y
right,0.20544542074203492,0.7511045217514039,0.2815667808055878,0.6270081281661988
