gesture,min_x,max_x,min_y,max_y
right,0.3581811499595642,0.6246075916290283,0.5877701950073242,0.8095166969299317
