gesture,min_x,max_x,min_y,max_y
right,0.3337740123271942,0.8886151790618897,0.2813412666320801,0.7680619239807129
