gesture,min_x,max_x,min_y,max_y
right,0.5755337190628051,0.8892594861984253,0.35709831237792966,0.5590170907974243
