gesture,min_x,max_x,min_y,max_y
right,0.18191066086292268,0.7294867515563965,0.2955740213394165,0.6403693437576294
