gesture,min_x,max_x,min_y,max_y
up,0.3869769096374512,0.6716098666191102,0.07359756231307983,0.7566291570663453
