gesture,min_x,max_x,min_y,max_y
up,0.1595909309387207,0.4236753869056702,0.43809148788452146,0.7785818862915039
