gesture,min_x,max_x,min_y,max_y
up,0.4284294366836548,0.7200446605682373,0.14301170110702516,0.7995403289794922
