gesture,min_x,max_x,min_y,max_y
up,0.3830679476261139,0.6466539382934571,0.04158310294151306,0.8507206916809082
