gesture,min_x,max_x,min_y,max_y
up,0.32040582299232484,0.5719090580940247,0.13883326649665834,0.8951623916625977
