gesture,min_x,max_x,min_y,max_y
up,0.38052619695663453,0.6840324878692627,0.019853633642196652,0.8371543169021607
