gesture,min_x,max_x,min_y,max_y
up,0.31746907234191896,0.5808142900466919,0.1296066164970398,0.901727843284607
