gesture,min_x,max_x,min_y,max_y
up,0.1535777759552002,0.4235378193855286,0.4378731560707092,0.7965645480155945
