gesture,min_x,max_x,min_y,max_y
up,0.3718621253967285,0.6916913866996766,0.10674349665641784,0.7472623467445374
