gesture,min_x,max_x,min_y,max_y
up,0.4008258104324341,0.6898129463195801,0.07975892424583435,0.765706467628479
