gesture,min_x,max_x,min_y,max_y
up,0.39743943214416505,0.6910153508186341,0.15182201266288758,0.8110419988632203
