gesture,min_x,max_x,min_y,max_y
up,0.34862829446792604,0.5825566530227662,0.08562875986099243,0.8861997604370118
