gesture,min_x,max_x,min_y,max_y
up,0.3662845611572266,0.6221489787101746,0.05730201005935669,0.8453835725784302
