gesture,min_x,max_x,min_y,max_y
up,0.43669308423995973,0.7511312246322632,0.028194499015808103,0.8371835827827454
