gesture,min_x,max_x,min_y,max_y
up,0.3632944345474243,0.6217726349830628,0.0580380380153656,0.8766305923461915
