gesture,min_x,max_x,min_y,max_y
up,0.1826404047012329,0.4131433951854706,0.4919907164573669,0.8689196991920471
