gesture,min_x,max_x,min_y,max_y
up,0.3434294879436493,0.5924866080284119,0.18609617352485658,0.8932751297950745
