gesture,min_x,max_x,min_y,max_y
up,0.3685561239719391,0.6431134223937989,0.16410417556762696,0.8280523896217347
