gesture,min_x,max_x,min_y,max_y
up,0.3667579412460327,0.6269349932670594,0.05100951790809631,0.8619907379150391
