gesture,min_x,max_x,min_y,max_y
up,0.3658669710159302,0.6312543630599976,0.16045196056365968,0.8283663272857666
