gesture,min_x,max_x,min_y,max_y
up,0.36224828362464906,0.6391085267066956,0.15301958918571473,0.8250566005706788
