gesture,min_x,max_x,min_y,max_y
up,0.35098005533218385,0.6250812292099,0.17585403919219972,0.8500761270523072
