gesture,min_x,max_x,min_y,max_y
up,0.3456758975982666,0.5905715107917786,0.11404327750205993,0.8523490905761719
