gesture,min_x,max_x,min_y,max_y
up,0.4362329363822937,0.7422446489334107,0.02401028275489807,0.8328686237335206
