gesture,min_x,max_x,min_y,max_y
up,0.441981714963913,0.7622749090194703,0.026361775398254392,0.8318737030029297
