gesture,min_x,max_x,min_y,max_y
up,0.3503126323223114,0.653735625743866,0.07978452444076538,0.9110424995422364
