gesture,min_x,max_x,min_y,max_y
up,0.36225311160087587,0.5777035832405091,0.1046582281589508,0.8880281329154969
