gesture,min_x,max_x,min_y,max_y
up,0.3327314376831055,0.5836533784866333,0.10579977631568908,0.8901042222976685
