gesture,min_x,max_x,min_y,max_y
up,0.3648480296134949,0.6902352452278138,0.10757188200950622,0.7607381820678711
