gesture,min_x,max_x,min_y,max_y
up,0.31288881301879884,0.5774969935417176,0.12440453171730041,0.9108766794204712
