gesture,min_x,max_x,min_y,max_y
up,0.39778582453727723,0.6960217237472535,0.022639644145965573,0.83536456823349
