gesture,min_x,max_x,min_y,max_y
up,0.36055941581726075,0.6299196958541871,0.17453773021698,0.843592393398285
