gesture,min_x,max_x,min_y,max_y
up,0.3125949025154114,0.5749642729759217,0.14581019878387452,0.9087366342544556
