gesture,min_x,max_x,min_y,max_y
up,0.37488378286361695,0.6529177308082581,0.038631868362426755,0.8511377453804017
