gesture,min_x,max_x,min_y,max_y
up,0.3406993269920349,0.5832130789756775,0.1380576014518738,0.8684834122657776
