gesture,min_x,max_x,min_y,max_y
up,0.37212215065956117,0.6522709012031556,0.16628531813621522,0.8315506458282471
