gesture,min_x,max_x,min_y,max_y
up,0.33546982407569886,0.5838594913482666,0.17042965888977052,0.8857850313186646
