gesture,min_x,max_x,min_y,max_y
up,0.17439425110816956,0.3578169333934784,0.4945287418365478,0.8630278992652893
