gesture,min_x,max_x,min_y,max_y
up,0.314463210105896,0.5714269757270813,0.1394459128379822,0.9036198735237122
