gesture,min_x,max_x,min_y,max_y
up,0.4092273831367493,0.692688274383545,0.07567847967147827,0.7677661657333374
