gesture,min_x,max_x,min_y,max_y
up,0.37473649978637696,0.6767086863517762,0.036329072713851926,0.8463961362838746
