gesture,min_x,max_x,min_y,max_y
up,0.34517903327941896,0.6213444948196412,0.10261626243591308,0.9052036285400391
