gesture,min_x,max_x,min_y,max_y
up,0.43937833309173585,0.7271495342254639,0.20223910808563234,0.7908512830734253
