gesture,min_x,max_x,min_y,max_y
up,0.39404888153076173,0.6832522034645081,0.16381714940071107,0.8231728553771973
