gesture,min_x,max_x,min_y,max_y
up,0.35288913249969484,0.5863420248031617,0.1120236337184906,0.8962234139442444
