gesture,min_x,max_x,min_y,max_y
up,0.40073455572128297,0.7053735136985779,0.008910161256790158,0.8308416485786438
