gesture,min_x,max_x,min_y,max_y
up,0.3410934329032898,0.6169073462486268,0.18360174894332887,0.8711758732795716
