gesture,min_x,max_x,min_y,max_y
up,0.4401919960975647,0.7567070007324219,0.0383110761642456,0.8406186580657959
