gesture,min_x,max_x,min_y,max_y
up,0.45020045042037965,0.7753592610359192,0.03725994825363159,0.8395179986953736
