gesture,min_x,max_x,min_y,max_y
up,0.34579108357429506,0.602600383758545,0.18834535479545594,0.88507239818573
