gesture,min_x,max_x,min_y,max_y
up,0.4122602462768555,0.711741316318512,0.1395839273929596,0.8029061436653138
