gesture,min_x,max_x,min_y,max_y
up,0.3285078525543213,0.5802633047103882,0.13161749839782716,0.8931257009506226
