gesture,min_x,max_x,min_y,max_y
up,0.4181798815727234,0.7275205731391907,0.00831918120384216,0.8283451676368714
