gesture,min_x,max_x,min_y,max_y
up,0.4591654658317566,0.7795646667480469,0.0504892885684967,0.8408856868743897
