gesture,min_x,max_x,min_y,max_y
up,0.40566290616989137,0.6985467553138733,0.14462281465530397,0.7997752904891968
