gesture,min_x,max_x,min_y,max_y
up,0.45837087631225587,0.7818065166473389,0.04613281488418579,0.8413066148757935
