gesture,min_x,max_x,min_y,max_y
up,0.4576141357421875,0.7819722175598145,0.05310009121894836,0.8418810844421387
