gesture,min_x,max_x,min_y,max_y
up,0.4070463597774506,0.700236189365387,0,0.7414454102516175
