gesture,min_x,max_x,min_y,max_y
up,0.40745354890823365,0.7114344716072083,0,0.7452204704284668
