gesture,min_x,max_x,min_y,max_y
up,0.3273461878299713,0.5798679471015931,0.12572924494743348,0.8921184420585633
