gesture,min_x,max_x,min_y,max_y
up,0.38178200721740724,0.6654522895812989,0.16764284372329713,0.8312846899032593
