gesture,min_x,max_x,min_y,max_y
up,0.42509464621543885,0.7398340582847596,0.024836015701293943,0.8367592573165894
