gesture,min_x,max_x,min_y,max_y
up,0.3888949275016785,0.6706471920013428,0.08369691371917724,0.773577082157135
