gesture,min_x,max_x,min_y,max_y
up,0.3453475654125214,0.6674026727676392,0.09048084616661071,0.9101029515266419
