gesture,min_x,max_x,min_y,max_y
up,0.3560475528240204,0.6093042373657227,0.06913546919822693,0.8915786027908326
