gesture,min_x,max_x,min_y,max_y
up,0.4092552185058594,0.7162360429763794,0.011107188463211057,0.82701735496521
