gesture,min_x,max_x,min_y,max_y
up,0.45664037466049195,0.7810660481452942,0.04287920594215393,0.8376013517379761
