gesture,min_x,max_x,min_y,max_y
up,0.3868346929550171,0.7076722860336304,0.1490269720554352,0.7249677062034607
