gesture,min_x,max_x,min_y,max_y
up,0.36485899686813356,0.5779609560966492,0.10228819847106933,0.8907518863677979
