gesture,min_x,max_x,min_y,max_y
up,0.3371363997459412,0.5827511429786683,0.10230661630630493,0.8666812062263489
