gesture,min_x,max_x,min_y,max_y
up,0.36203057765960694,0.631029236316681,0.16768999099731446,0.835258173942566
