gesture,min_x,max_x,min_y,max_y
up,0.3240217685699463,0.5706218957901001,0.1224940538406372,0.914173173904419
