gesture,min_x,max_x,min_y,max_y
up,0.1460299950838089,0.36709377050399783,0.4355874967575073,0.7798491406440735
