gesture,min_x,max_x,min_y,max_y
up,0.39192153215408326,0.6697326183319092,0.09349618554115295,0.8020281076431275
