gesture,min_x,max_x,min_y,max_y
up,0.3897478997707367,0.6683102130889893,0.0936609923839569,0.7778872132301331
