gesture,min_x,max_x,min_y,max_y
up,0.15273819983005524,0.4219208347797394,0.434476466178894,0.7738833713531494
