gesture,min_x,max_x,min_y,max_y
up,0.4353050708770752,0.7432758688926697,0.031786483526229856,0.8008198022842408
