gesture,min_x,max_x,min_y,max_y
up,0.41758729219436647,0.738603162765503,0.04437844157218933,0.8394694209098816
