gesture,min_x,max_x,min_y,max_y
up,0.4185814380645752,0.7485874176025391,0.03216676115989685,0.8243114233016968
