gesture,min_x,max_x,min_y,max_y
up,0.40551857352256776,0.7175950288772583,0.04382662177085876,0.8502018928527832
