gesture,min_x,max_x,min_y,max_y
up,0.38615254759788514,0.6706275820732117,0.09630264043807983,0.7758082628250123
