gesture,min_x,max_x,min_y,max_y
up,0.24535767436027528,0.49906064867973327,0.038634341955184934,0.4884370744228363
