gesture,min_x,max_x,min_y,max_y
up,0.43463022708892823,0.7464922547340394,0.01838738918304443,0.8108683109283448
