gesture,min_x,max_x,min_y,max_y
up,0.38920481204986573,0.6786670565605164,0.08751140236854553,0.8373308658599854
