gesture,min_x,max_x,min_y,max_y
up,0.42927990555763246,0.7501440525054932,0.017579150199890134,0.8154917240142823
