gesture,min_x,max_x,min_y,max_y
up,0.15521511554718018,0.42375278353691104,0.435769350528717,0.7991819667816162
