gesture,min_x,max_x,min_y,max_y
up,0.3888939440250397,0.7016877412796021,0.06380308866500854,0.8526453256607056
