gesture,min_x,max_x,min_y,max_y
up,0.39236773252487184,0.6807711005210877,0.08643524050712585,0.7927351474761963
