gesture,min_x,max_x,min_y,max_y
up,0.15703454732894898,0.42099165797233584,0.43609193086624143,0.7958730745315552
