gesture,min_x,max_x,min_y,max_y
up,0.37512863874435426,0.6639645576477051,0.08991108536720276,0.7993224740028382
