gesture,min_x,max_x,min_y,max_y
up,0.4036341428756714,0.6942787051200867,0.12521899938583375,0.7880969524383545
