gesture,min_x,max_x,min_y,max_y
up,0.38324178457260133,0.6708351850509644,0.10208613872528076,0.775541114807129
