gesture,min_x,max_x,min_y,max_y
up,0.1535978627204895,0.4039348649978638,0.4385591161251068,0.8009498405456543
