gesture,min_x,max_x,min_y,max_y
up,0.3984430551528931,0.6688782453536988,0.10149018168449402,0.7840031862258912
