gesture,min_x,max_x,min_y,max_y
up,0.4148319184780121,0.7667161107063294,0.015079636871814725,0.4386064887046814
