gesture,min_x,max_x,min_y,max_y
up,0.3705433428287506,0.6719910383224488,0.09363273978233337,0.7754554033279419
