gesture,min_x,max_x,min_y,max_y
up,0.16221600890159607,0.42924103021621707,0.46079364538192746,0.818205623626709
