gesture,min_x,max_x,min_y,max_y
up,0.380647611618042,0.6870407342910767,0.08756021857261657,0.7978560209274292
