gesture,min_x,max_x,min_y,max_y
up,0.17288975536823273,0.4344079184532166,0.48401734352111814,0.836689977645874
