gesture,min_x,max_x,min_y,max_y
up,0.16732534885406494,0.3247843670845032,0.49112132310867307,0.858832745552063
