gesture,min_x,max_x,min_y,max_y
up,0.41066027879714967,0.6841255307197571,0.08145387172698974,0.7933775067329407
