gesture,min_x,max_x,min_y,max_y
down,0.44895694851875306,0.7504513144493103,0.12932635545730592,0.6879194259643555
