gesture,min_x,max_x,min_y,max_y
down,0.45246357917785646,0.8079448819160462,0.011554729938507077,0.6472856283187867
