gesture,min_x,max_x,min_y,max_y
down,0.41687865257263185,0.6768924474716187,0.23878051042556764,0.7025923013687134
