gesture,min_x,max_x,min_y,max_y
down,0.3626590192317963,0.6839761018753052,0.21882803440093995,0.7747914075851441
