gesture,min_x,max_x,min_y,max_y
down,0.3968445181846619,0.715192723274231,0.23643575310707093,0.788947868347168
