gesture,min_x,max_x,min_y,max_y
down,0.4657924294471741,0.7379719495773316,0.2674657225608826,0.7296143054962159
