gesture,min_x,max_x,min_y,max_y
down,0.47129125595092775,0.7813265800476075,0.1122142493724823,0.6572742938995362
