gesture,min_x,max_x,min_y,max_y
down,0.4148752212524414,0.7503662586212159,0.220447313785553,0.7866068959236145
