gesture,min_x,max_x,min_y,max_y
down,0.3672167181968689,0.6343824744224549,0.1783933311700821,0.6751252889633179
