gesture,min_x,max_x,min_y,max_y
down,0.3631978154182434,0.688392448425293,0.21407971978187562,0.7759031534194947
