gesture,min_x,max_x,min_y,max_y
down,0.4573854923248291,0.7443230628967286,0.07574277818202972,0.6792213201522828
