gesture,min_x,max_x,min_y,max_y
down,0.37509212017059324,0.5563675451278687,0.4687007081508636,0.8289809513092041
