gesture,min_x,max_x,min_y,max_y
down,0.484295916557312,0.7975647330284119,0.1116109013557434,0.6496949672698975
