gesture,min_x,max_x,min_y,max_y
down,0.4569946050643921,0.7638237953186036,0.1335225820541382,0.6887430429458619
