gesture,min_x,max_x,min_y,max_y
down,0.3463000965118408,0.5344506192207337,0.4508155298233032,0.8154743003845215
