gesture,min_x,max_x,min_y,max_y
down,0.4179754376411438,0.6719772100448609,0.24912382364273072,0.7040773510932923
