gesture,min_x,max_x,min_y,max_y
down,0.4969787120819092,0.8042834281921387,0.12973273992538453,0.6422300815582276
