gesture,min_x,max_x,min_y,max_y
down,0.35909793972969056,0.6756251335144043,0.22549982070922853,0.7835494756698609
