gesture,min_x,max_x,min_y,max_y
down,0.3942974328994751,0.6619741797447205,0.1418885111808777,0.6579361438751221
