gesture,min_x,max_x,min_y,max_y
down,0.36655567288398744,0.6139023184776307,0.23998804092407228,0.673475730419159
