gesture,min_x,max_x,min_y,max_y
down,0.49207205772399903,0.8444839000701905,0.08663722574710846,0.6965165615081788
