gesture,min_x,max_x,min_y,max_y
down,0.39255536794662477,0.664990234375,0.11157028079032898,0.6514503240585328
