gesture,min_x,max_x,min_y,max_y
down,0.4303457260131836,0.6944334983825684,0.21009678840637208,0.7639990329742432
