gesture,min_x,max_x,min_y,max_y
down,0.4349446415901184,0.7346571564674378,0.05433821380138397,0.6608071804046631
