gesture,min_x,max_x,min_y,max_y
down,0.4420431971549988,0.7188318848609925,0.1676329642534256,0.7510531425476075
