gesture,min_x,max_x,min_y,max_y
down,0.3547685265541077,0.6171938061714173,0.18731450736522676,0.6784390091896058
