gesture,min_x,max_x,min_y,max_y
down,0.3589661240577698,0.6339756727218628,0.10858332812786102,0.6815625905990601
