gesture,min_x,max_x,min_y,max_y
down,0.43587191104888917,0.6997181653976441,0.2486223101615906,0.7146189689636231
