gesture,min_x,max_x,min_y,max_y
down,0.4659739851951599,0.7728366732597352,0.1147752970457077,0.6554317951202393
