gesture,min_x,max_x,min_y,max_y
down,0.3751372218132019,0.6553447723388672,0.13272124230861665,0.6699482083320618
