gesture,min_x,max_x,min_y,max_y
down,0.3551172733306885,0.6312423825263977,0.09242570102214813,0.6744515180587769
