gesture,min_x,max_x,min_y,max_y
down,0.4171367406845093,0.7054553508758545,0.10427024662494659,0.6483994007110596
