gesture,min_x,max_x,min_y,max_y
down,0.421706360578537,0.7558791518211365,0.2175716280937195,0.7832937717437745
