gesture,min_x,max_x,min_y,max_y
down,0.37968496680259706,0.6302595019340516,0.22398616075515748,0.6658921122550965
