gesture,min_x,max_x,min_y,max_y
down,0.36643306612968446,0.64357488155365,0.1329262375831604,0.6627109527587891
