gesture,min_x,max_x,min_y,max_y
down,0.49860639572143556,0.7901918768882752,0.2686052441596985,0.8151996612548829
