gesture,min_x,max_x,min_y,max_y
down,0.3899804472923279,0.6372690081596375,0.24925450682640077,0.7073722362518311
