gesture,min_x,max_x,min_y,max_y
down,0.4959280014038086,0.8113605260849,0.11069325804710388,0.6719439506530762
