gesture,min_x,max_x,min_y,max_y
down,0.44668297171592714,0.7481178522109986,0.14175039231777192,0.6968754410743714
