gesture,min_x,max_x,min_y,max_y
down,0.4071434259414673,0.6906043767929078,0.11080500185489654,0.6535789847373963
