gesture,min_x,max_x,min_y,max_y
down,0.3969684958457947,0.6600400090217591,0.17259749472141267,0.6559621572494507
