gesture,min_x,max_x,min_y,max_y
down,0.49522430896759034,0.8044531226158143,0.11328807175159454,0.6428955078125
