gesture,min_x,max_x,min_y,max_y
down,0.3473102462291717,0.5333449530601502,0.4548934412002563,0.8125340628623963
