gesture,min_x,max_x,min_y,max_y
down,0.3793733835220337,0.6161635994911194,0.24644018411636354,0.6787081837654114
