gesture,min_x,max_x,min_y,max_y
down,0.4016514539718628,0.6918238878250123,0.12408475279808044,0.682932186126709
