gesture,min_x,max_x,min_y,max_y
down,0.39989997148513795,0.6902329206466675,0.12412447929382324,0.6791905641555787
