gesture,min_x,max_x,min_y,max_y
down,0.5293085885047912,0.7095172095298767,0.5885306906700134,0.9553884553909302
