gesture,min_x,max_x,min_y,max_y
down,0.4287670373916626,0.7214630126953125,0.13611182272434236,0.6904380798339844
