gesture,min_x,max_x,min_y,max_y
down,0.4945094108581543,0.7707127809524537,0.3038167178630829,0.7573687314987183
