gesture,min_x,max_x,min_y,max_y
down,0.40073506236076356,0.6791587948799134,0.1275442957878113,0.6525093793869019
