gesture,min_x,max_x,min_y,max_y
down,0.47389883995056153,0.8423803329467774,0.09582978188991546,0.7168294668197632
