gesture,min_x,max_x,min_y,max_y
down,0.44171897768974305,0.7398572444915772,0.13455551564693452,0.6890653252601624
