gesture,min_x,max_x,min_y,max_y
down,0.42743171453475953,0.7232010841369629,0.1346907436847687,0.6894230127334595
