gesture,min_x,max_x,min_y,max_y
down,0.4249290943145752,0.686876404285431,0.2503690838813782,0.7157572984695435
