gesture,min_x,max_x,min_y,max_y
down,0.49404449462890626,0.8120170712471009,0.1287935495376587,0.6679811358451844
