gesture,min_x,max_x,min_y,max_y
down,0.44720799922943116,0.7178425073623658,0.179608491063118,0.750953483581543
