gesture,min_x,max_x,min_y,max_y
down,0.34666759967803956,0.6396488428115845,0.10712516009807586,0.6797249794006348
