gesture,min_x,max_x,min_y,max_y
down,0.4224012613296509,0.7173796176910401,0.10816935896873474,0.6468185067176819
