gesture,min_x,max_x,min_y,max_y
down,0.4119930386543274,0.6995192646980286,0.10329670906066894,0.6523731827735901
