gesture,min_x,max_x,min_y,max_y
down,0.4880346179008484,0.7994448423385621,0.11513058543205261,0.6514295816421509
