gesture,min_x,max_x,min_y,max_y
down,0.3902578067779541,0.5755053448677063,0.4923038792610168,0.8472563910484314
