gesture,min_x,max_x,min_y,max_y
down,0.3708742678165436,0.6085538744926453,0.24782679677009584,0.6827725648880005
