gesture,min_x,max_x,min_y,max_y
down,0.44837565422058107,0.7515085816383362,0.1225284457206726,0.6585755825042725
