gesture,min_x,max_x,min_y,max_y
down,0.4703307271003723,0.7837324023246766,0.1385659843683243,0.6944319486618042
