gesture,min_x,max_x,min_y,max_y
down,0.3412107050418854,0.6036280274391175,0.13961039185523988,0.6592692017555237
