gesture,min_x,max_x,min_y,max_y
down,0.3975193023681641,0.6576449155807496,0.19640339612960817,0.6593774437904358
