gesture,min_x,max_x,min_y,max_y
down,0.4012635171413422,0.7368655681610108,0.22797171473503114,0.7871860146522522
