gesture,min_x,max_x,min_y,max_y
down,0.47267372608184816,0.8227791666984559,0.15935165882110597,0.7554448127746582
