gesture,min_x,max_x,min_y,max_y
down,0.49492515325546266,0.8038784146308899,0.1265298992395401,0.6507820367813111
