gesture,min_x,max_x,min_y,max_y
down,0.47283215522766114,0.8207688808441163,0.18969699442386628,0.771413016319275
