gesture,min_x,max_x,min_y,max_y
down,0.39346734881401063,0.6410359621047974,0.2554628372192383,0.7118289351463318
