gesture,min_x,max_x,min_y,max_y
down,0.465315055847168,0.8316877961158753,0.08076545298099518,0.6995400667190552
