gesture,min_x,max_x,min_y,max_y
down,0.4767552137374878,0.786446499824524,0.14443786144256593,0.6958724737167359
