gesture,min_x,max_x,min_y,max_y
down,0.3715523791313171,0.5540074396133423,0.4702365112304687,0.8274807620048523
