gesture,min_x,max_x,min_y,max_y
down,0.41198493242263795,0.7003233909606934,0.13670934438705445,0.6831098079681397
