gesture,min_x,max_x,min_y,max_y
down,0.4854239344596863,0.8197975039482117,0.1054238498210907,0.691069233417511
