gesture,min_x,max_x,min_y,max_y
down,0.4089074146747589,0.5913384246826172,0.5114634346961975,0.8694755721092224
