gesture,min_x,max_x,min_y,max_y
down,0.3606374979019165,0.6857120275497437,0.22154394984245301,0.7774292707443238
