gesture,min_x,max_x,min_y,max_y
down,0.43867550492286683,0.7046956300735474,0.2231943726539612,0.7739558100700379
