gesture,min_x,max_x,min_y,max_y
down,0.45589317083358766,0.7403287768363953,0.22205991744995118,0.7733219146728516
