gesture,min_x,max_x,min_y,max_y
down,0.4880936861038208,0.8441429615020752,0.10003196895122528,0.7072443246841431
