gesture,min_x,max_x,min_y,max_y
down,0.40833230018615724,0.6941072225570679,0.2240587890148163,0.76865713596344
