gesture,min_x,max_x,min_y,max_y
down,0.501674485206604,0.7778630137443543,0.30396677255630494,0.7566316604614258
