gesture,min_x,max_x,min_y,max_y
down,0.3499253809452057,0.6200926780700684,0.13988117575645448,0.6573588132858277
