gesture,min_x,max_x,min_y,max_y
down,0.4646760940551758,0.8148918628692627,0.08817517459392547,0.7073974490165711
