gesture,min_x,max_x,min_y,max_y
down,0.5023016452789306,0.7966522455215455,0.2632520318031311,0.7730978608131409
