gesture,min_x,max_x,min_y,max_y
down,0.5245301246643066,0.7837982654571534,0.30043811798095704,0.7552055597305298
