gesture,min_x,max_x,min_y,max_y
down,0.4958592772483826,0.7849320054054261,0.24847627878189088,0.798830795288086
