gesture,min_x,max_x,min_y,max_y
down,0.4566180229187012,0.799126672744751,0.21903194189071656,0.7834762811660767
