gesture,min_x,max_x,min_y,max_y
down,0.36573696255683896,0.5546567130088806,0.470848114490509,0.828494815826416
