gesture,min_x,max_x,min_y,max_y
down,0.4505011558532715,0.7926007986068726,0.21802611351013185,0.7799622297286988
