gesture,min_x,max_x,min_y,max_y
down,0.39109201431274415,0.6792197704315186,0.11291023790836334,0.6816677331924439
