gesture,min_x,max_x,min_y,max_y
down,0.39051092863082887,0.6696636557579041,0.14165603816509248,0.6592349290847779
