gesture,min_x,max_x,min_y,max_y
down,0.44026092886924745,0.738251793384552,0.11789071261882782,0.6542839884757996
