gesture,min_x,max_x,min_y,max_y
down,0.4538944482803345,0.8120738744735718,0.017157030105590818,0.6580446839332581
