gesture,min_x,max_x,min_y,max_y
down,0.4986468076705933,0.79046790599823,0.263412606716156,0.8108414888381958
