gesture,min_x,max_x,min_y,max_y
down,0.40849502086639405,0.7461951851844788,0.22375179529190065,0.7881070256233216
