gesture,min_x,max_x,min_y,max_y
down,0.3766735315322876,0.6967658877372742,0.2332797169685364,0.7909933209419251
