gesture,min_x,max_x,min_y,max_y
down,0.3811215877532959,0.6260078430175782,0.23107598423957826,0.6814179301261902
