gesture,min_x,max_x,min_y,max_y
down,0.3892896294593811,0.6376760482788086,0.2455377995967865,0.6953575491905213
