gesture,min_x,max_x,min_y,max_y
down,0.4174651622772217,0.674319612979889,0.20150620937347413,0.7591903686523438
