gesture,min_x,max_x,min_y,max_y
down,0.39516366720199586,0.726186203956604,0.2340513288974762,0.7871799349784852
