gesture,min_x,max_x,min_y,max_y
down,0.38466317653656007,0.6696322441101075,0.13919828534126283,0.6801301717758179
