gesture,min_x,max_x,min_y,max_y
down,0.34733421802520753,0.6349344730377198,0.10551891922950744,0.6747406005859375
