gesture,min_x,max_x,min_y,max_y
down,0.4842501401901245,0.7957776069641114,0.10528446435928344,0.6497446775436402
