gesture,min_x,max_x,min_y,max_y
down,0.5034775853157043,0.7971376657485962,0.27116472721099855,0.7669725894927979
