gesture,min_x,max_x,min_y,max_y
down,0.5096891045570373,0.7811292886734009,0.30261070728302003,0.7539406895637513
