gesture,min_x,max_x,min_y,max_y
down,0.35889286994934083,0.6281622529029847,0.10355440974235534,0.6766480088233948
