gesture,min_x,max_x,min_y,max_y
down,0.404654723405838,0.6924713134765625,0.12766472697257997,0.6754264116287232
