gesture,min_x,max_x,min_y,max_y
down,0.430963796377182,0.7262054562568665,0.1099930077791214,0.6501265645027161
