gesture,min_x,max_x,min_y,max_y
down,0.369278621673584,0.6867354989051819,0.2323721468448639,0.7862546920776368
