gesture,min_x,max_x,min_y,max_y
down,0.47730345726013185,0.7880351424217225,0.11065351665019989,0.6559235334396363
