gesture,min_x,max_x,min_y,max_y
down,0.46153457164764405,0.8099242329597474,0.22785205841064454,0.7926176071166993
