gesture,min_x,max_x,min_y,max_y
down,0.3935515105724335,0.6690698146820069,0.1147646278142929,0.6726900815963746
