gesture,min_x,max_x,min_y,max_y
down,0.3845793426036835,0.6323430418968201,0.23663837909698487,0.6837084770202637
