gesture,min_x,max_x,min_y,max_y
down,0.3934284269809723,0.6488186001777649,0.21327136158943177,0.6588427305221558
