gesture,min_x,max_x,min_y,max_y
down,0.6353044819831848,0.8476484107971192,0.6174199891090393,1
