gesture,min_x,max_x,min_y,max_y
down,0.47643340826034547,0.7499778747558594,0.2788426101207733,0.7391501545906067
