gesture,min_x,max_x,min_y,max_y
down,0.49764080047607423,0.7944931864738465,0.2647583603858948,0.7998693466186524
