gesture,min_x,max_x,min_y,max_y
down,0.3511278748512268,0.6371993303298951,0.09750438928604126,0.6807962536811829
