gesture,min_x,max_x,min_y,max_y
down,0.43733657598495485,0.6772003054618836,0.23868585824966432,0.7461336731910706
