gesture,min_x,max_x,min_y,max_y
down,0.4819921374320984,0.75907461643219,0.21716214418411256,0.7701348543167115
