gesture,min_x,max_x,min_y,max_y
down,0.4954275608062744,0.847792136669159,0.06858785152435302,0.6719666004180909
