gesture,min_x,max_x,min_y,max_y
down,0.4434227764606476,0.6730727434158326,0.2594853162765503,0.6943742513656617
