gesture,min_x,max_x,min_y,max_y
down,0.40233267545700074,0.6175427317619324,0.2595264732837677,0.6694779872894288
