gesture,min_x,max_x,min_y,max_y
down,0.6209374380111694,0.8051706838607788,0.618466944694519,1
