gesture,min_x,max_x,min_y,max_y
down,0.4833503484725952,0.8511124730110169,0.0934875875711441,0.7225211143493653
