gesture,min_x,max_x,min_y,max_y
down,0.4409921884536743,0.7018328189849854,0.19614085257053376,0.7603890776634217
