gesture,min_x,max_x,min_y,max_y
down,0.5910818290710449,0.7788362193107605,0.6051596117019653,0.9867670226097107
