gesture,min_x,max_x,min_y,max_y
down,0.457581889629364,0.7165248274803162,0.2626608729362488,0.7205421209335328
