gesture,min_x,max_x,min_y,max_y
down,0.43076874017715455,0.6943271040916443,0.24953068494796754,0.7167128801345826
