gesture,min_x,max_x,min_y,max_y
down,0.35933126211166383,0.628440546989441,0.13673819303512574,0.6669221997261048
