gesture,min_x,max_x,min_y,max_y
down,0.3617294251918793,0.6015085458755494,0.24337635636329652,0.6808451294898987
