gesture,min_x,max_x,min_y,max_y
down,0.4070692777633667,0.6847263455390931,0.1110330194234848,0.6537790179252625
