gesture,min_x,max_x,min_y,max_y
down,0.4572169303894043,0.8109914541244507,0.043847975134849546,0.683095145225525
