gesture,min_x,max_x,min_y,max_y
down,0.49710376262664796,0.8071037411689759,0.1305080771446228,0.6545055389404297
