gesture,min_x,max_x,min_y,max_y
down,0.4144005596637726,0.7075562953948975,0.13487946689128877,0.6871324062347413
