gesture,min_x,max_x,min_y,max_y
down,0.43136281967163087,0.7619648456573487,0.22085724472999574,0.7807178974151612
