gesture,min_x,max_x,min_y,max_y
down,0.4821798324584961,0.7857083559036255,0.1213663637638092,0.667016077041626
