gesture,min_x,max_x,min_y,max_y
down,0.47790123224258424,0.7545382857322693,0.2835803747177124,0.7404621124267579
