gesture,min_x,max_x,min_y,max_y
down,0.3915950179100037,0.6676382303237915,0.11191338002681732,0.6595725297927857
