gesture,min_x,max_x,min_y,max_y
down,0.4144688665866852,0.7063531756401062,0.13036371469497682,0.6868690729141236
