gesture,min_x,max_x,min_y,max_y
down,0.42428908944129945,0.7033179879188538,0.20060150027275087,0.7575841426849366
