gesture,min_x,max_x,min_y,max_y
down,0.40423299074172975,0.6882933855056763,0.11645637154579162,0.6508037328720093
