gesture,min_x,max_x,min_y,max_y
down,0.440435391664505,0.7341403245925904,0.1391700327396393,0.6951594829559327
