gesture,min_x,max_x,min_y,max_y
down,0.34735281467437745,0.6136712312698365,0.1391436129808426,0.6554665446281434
