gesture,min_x,max_x,min_y,max_y
down,0.44068936705589296,0.7150906801223755,0.1830596446990967,0.723848032951355
