gesture,min_x,max_x,min_y,max_y
down,0.3975713074207306,0.6628270626068116,0.16714405715465547,0.6576600551605225
