gesture,min_x,max_x,min_y,max_y
down,0.4483166754245758,0.730024266242981,0.16479161083698274,0.7390332698822022
