gesture,min_x,max_x,min_y,max_y
down,0.4741391658782959,0.7252090454101563,0.2732339918613434,0.717533814907074
