gesture,min_x,max_x,min_y,max_y
down,0.4429621517658234,0.7070954322814942,0.2522933006286621,0.7173186421394349
