gesture,min_x,max_x,min_y,max_y
down,0.4237592935562134,0.7181328415870667,0.1674579054117203,0.7374719858169556
