gesture,min_x,max_x,min_y,max_y
down,0.5003306984901428,0.7964067935943604,0.25802759528160096,0.7822871685028077
