gesture,min_x,max_x,min_y,max_y
down,0.39742438197135926,0.6539923429489136,0.21199832558631898,0.662791657447815
