gesture,min_x,max_x,min_y,max_y
down,0.3939002275466919,0.6648396134376526,0.12582237720489503,0.6532932996749878
