gesture,min_x,max_x,min_y,max_y
down,0.4197677493095398,0.6795450925827027,0.25034035444259645,0.7138309359550477
