gesture,min_x,max_x,min_y,max_y
down,0.46478058099746705,0.8024060010910035,0,0.6159058094024659
