gesture,min_x,max_x,min_y,max_y
down,0.5165849447250366,0.7780551195144654,0.2568971633911133,0.7738655090332032
