gesture,min_x,max_x,min_y,max_y
down,0.4824406623840332,0.759172010421753,0.2912001729011536,0.7436053037643433
