gesture,min_x,max_x,min_y,max_y
down,0.41796298027038575,0.676940131187439,0.24730138182640077,0.70842205286026
