gesture,min_x,max_x,min_y,max_y
down,0.49970967769622804,0.7867525696754456,0.2410253405570984,0.7883869290351868
