gesture,min_x,max_x,min_y,max_y
down,0.4570125460624695,0.7647167325019837,0.1179442822933197,0.6586089611053467
