gesture,min_x,max_x,min_y,max_y
down,0.4863040566444397,0.8470507740974427,0.11401693224906921,0.7199970960617066
