gesture,min_x,max_x,min_y,max_y
down,0.4461680769920349,0.7184401035308838,0.22126544713974,0.775016474723816
