gesture,min_x,max_x,min_y,max_y
down,0.41669870615005494,0.7138672947883606,0.1285172075033188,0.6482437133789063
