gesture,min_x,max_x,min_y,max_y
down,0.35998780727386476,0.6034886717796326,0.10796491503715515,0.6992136716842652
