gesture,min_x,max_x,min_y,max_y
down,0.46243919134140016,0.774077582359314,0.13670867383480073,0.6959502577781678
