gesture,min_x,max_x,min_y,max_y
down,0.3878415942192078,0.636959719657898,0.2420457124710083,0.691327977180481
