gesture,min_x,max_x,min_y,max_y
down,0.49251044988632203,0.7982841014862061,0.14266417622566224,0.6443720936775208
