gesture,min_x,max_x,min_y,max_y
down,0.3616524052619934,0.5503561186790467,0.46100703001022336,0.8245718169212342
