gesture,min_x,max_x,min_y,max_y
down,0.43934146761894227,0.7788843393325806,0.2211983919143677,0.7810314178466797
