gesture,min_x,max_x,min_y,max_y
down,0.3579965353012085,0.6805321455001831,0.22569448947906495,0.7775922298431397
