gesture,min_x,max_x,min_y,max_y
down,0.4660092115402222,0.8154259204864502,0.21388591527938844,0.785238790512085
