gesture,min_x,max_x,min_y,max_y
down,0.4957980036735535,0.8045731067657471,0.13289723992347718,0.6440776467323304
