gesture,min_x,max_x,min_y,max_y
down,0.4481691539287567,0.7099160432815552,0.2535546839237213,0.7170615673065186
