gesture,min_x,max_x,min_y,max_y
down,0.48863829374313356,0.7708325266838074,0.23214189410209657,0.7753650426864624
