gesture,min_x,max_x,min_y,max_y
down,0.49424023628234864,0.8380063652992249,0.07831030786037445,0.6732526302337647
