gesture,min_x,max_x,min_y,max_y
down,0.3481169164180756,0.6047744631767273,0.17271044552326204,0.6618136048316956
