gesture,min_x,max_x,min_y,max_y
down,0.3386825144290924,0.6417159914970398,0.11541597247123718,0.6894025087356568
