gesture,min_x,max_x,min_y,max_y
down,0.3968401670455933,0.6617053031921387,0.15700228214263917,0.6591060042381287
