gesture,min_x,max_x,min_y,max_y
down,0.49094862937927247,0.8302472114562989,0.08609246909618377,0.6723183274269104
