gesture,min_x,max_x,min_y,max_y
down,0.35016645193099977,0.6321570158004761,0.11234827041625976,0.683334755897522
