gesture,min_x,max_x,min_y,max_y
down,0.4868871092796326,0.850607979297638,0.10620498359203338,0.725376832485199
