gesture,min_x,max_x,min_y,max_y
down,0.35536198019981385,0.5961509823799134,0.24472362995147706,0.6834291696548462
