gesture,min_x,max_x,min_y,max_y
down,0.36297054290771485,0.5953591942787171,0.18348994553089143,0.6547730445861817
