gesture,min_x,max_x,min_y,max_y
down,0.4703284025192261,0.8192535519599915,0.12131631076335907,0.7313886761665345
