gesture,min_x,max_x,min_y,max_y
down,0.33634157180786134,0.597231674194336,0.15074898004531861,0.6638790845870972
