gesture,min_x,max_x,min_y,max_y
down,0.35823501348495485,0.6032715916633606,0.24845011234283448,0.680112111568451
