gesture,min_x,max_x,min_y,max_y
down,0.4555477023124695,0.7985106587409974,0.22868443727493287,0.792392897605896
