gesture,min_x,max_x,min_y,max_y
down,0.3350117921829224,0.5924771904945374,0.15624710619449617,0.6674014806747437
