gesture,min_x,max_x,min_y,max_y
down,0.49274797439575196,0.8009738802909852,0.11314370930194854,0.6476406335830689
