gesture,min_x,max_x,min_y,max_y
down,0.4479858100414276,0.7601345658302308,0.07620797753334045,0.6293439149856568
