gesture,min_x,max_x,min_y,max_y
down,0.4832664251327515,0.7957410693168641,0.10522654354572296,0.651375699043274
