gesture,min_x,max_x,min_y,max_y
down,0.4545381188392639,0.7596933722496033,0.14468969106674195,0.6994531631469727
