gesture,min_x,max_x,min_y,max_y
down,0.4954390645027161,0.8017685890197754,0.13537884950637818,0.6404098749160767
