gesture,min_x,max_x,min_y,max_y
down,0.473496687412262,0.7884777069091797,0.13883928656578065,0.6973697423934937
