gesture,min_x,max_x,min_y,max_y
down,0.500795555114746,0.791720736026764,0.28247798681259156,0.7636281728744507
