gesture,min_x,max_x,min_y,max_y
down,0.4879735231399536,0.764208722114563,0.2976282358169556,0.7491968154907227
