gesture,min_x,max_x,min_y,max_y
down,0.35777552127838136,0.5960474491119385,0.24158765077590943,0.681989598274231
