gesture,min_x,max_x,min_y,max_y
down,0.46880234479904176,0.7502014517784119,0.2181974470615387,0.7695152044296265
