gesture,min_x,max_x,min_y,max_y
down,0.4073500752449036,0.6576005697250367,0.2563269853591919,0.7141517877578736
