gesture,min_x,max_x,min_y,max_y
down,0.36209399700164796,0.6790595531463623,0.22941271662712098,0.7832093715667725
