gesture,min_x,max_x,min_y,max_y
down,0.38185824155807496,0.6540151715278626,0.1631209820508957,0.6695106506347657
