gesture,min_x,max_x,min_y,max_y
down,0.47376723289489747,0.745995569229126,0.2713154971599579,0.7371185302734375
