gesture,min_x,max_x,min_y,max_y
down,0.35269294381141664,0.6360615968704224,0.10065647661685943,0.6819196224212647
