gesture,min_x,max_x,min_y,max_y
down,0.38602031469345094,0.707979428768158,0.2353693962097168,0.7874681234359742
