gesture,min_x,max_x,min_y,max_y
down,0.49434609413146974,0.7837602376937867,0.14419734179973603,0.6874530196189881
