gesture,min_x,max_x,min_y,max_y
down,0.4895001769065857,0.8222496986389161,0.09871183037757873,0.6742215633392334
