gesture,min_x,max_x,min_y,max_y
down,0.49693591594696046,0.8054612755775452,0.1275222271680832,0.6466951251029969
