gesture,min_x,max_x,min_y,max_y
down,0.3993895173072815,0.6484883308410645,0.2601620078086853,0.7162182211875916
