gesture,min_x,max_x,min_y,max_y
down,0.4684539556503296,0.7758380055427552,0.14137883186340333,0.6893343210220337
