gesture,min_x,max_x,min_y,max_y
down,0.4505471706390381,0.8071735978126526,0,0.6241662979125977
