gesture,min_x,max_x,min_y,max_y
down,0.42306692600250245,0.6831394314765931,0.20413534045219422,0.7567945003509522
