gesture,min_x,max_x,min_y,max_y
left,0.29455084800720216,0.845434057712555,0.18283191025257112,0.6400223851203919
