gesture,min_x,max_x,min_y,max_y
left,0.39148749113082887,0.8075980424880982,0.313625705242157,0.687925148010254
