gesture,min_x,max_x,min_y,max_y
left,0.24786449670791627,0.7780465960502625,0.19722445011138917,0.6341966271400452
