gesture,min_x,max_x,min_y,max_y
left,0.24885780811309816,0.7899779558181763,0.12931030690670015,0.6286535143852234
