gesture,min_x,max_x,min_y,max_y
left,0.32858331203460694,0.8223407745361329,0.3760348081588745,0.8194725394248963
