gesture,min_x,max_x,min_y,max_y
left,0.1373849481344223,0.6898740410804749,0.25590912699699403,0.5809125781059266
