gesture,min_x,max_x,min_y,max_y
left,0.3591429114341736,0.7625077247619629,0.3603645086288452,0.7018104076385498
