gesture,min_x,max_x,min_y,max_y
left,0.17890016436576844,0.7418280720710755,0.16698637306690217,0.6568748235702515
