gesture,min_x,max_x,min_y,max_y
left,0.2602875649929047,0.8334714055061341,0.31026746034622193,0.8141870975494385
