gesture,min_x,max_x,min_y,max_y
left,0.2865321159362793,0.7233604073524476,0.1798746556043625,0.5580825090408326
