gesture,min_x,max_x,min_y,max_y
left,0.42440534830093385,0.9031438708305359,0.30773667693138124,0.7463894367218018
