gesture,min_x,max_x,min_y,max_y
left,0.3462611556053162,0.7323520660400391,0.32158703804016114,0.6511871099472046
