gesture,min_x,max_x,min_y,max_y
left,0.2444796681404114,0.805509376525879,0.14438920915126802,0.6120166659355164
