gesture,min_x,max_x,min_y,max_y
left,0.4586054801940918,0.8469320416450501,0.27391107082366944,0.6356977701187134
