gesture,min_x,max_x,min_y,max_y
left,0.2672073066234589,0.8029665231704712,0.22141410112380983,0.6740922212600708
