gesture,min_x,max_x,min_y,max_y
left,0.44491482973098756,0.8389023423194886,0.2695682764053345,0.6309428095817566
