gesture,min_x,max_x,min_y,max_y
left,0.1560949504375458,0.7119658470153809,0.2698493719100952,0.7240683913230896
