gesture,min_x,max_x,min_y,max_y
left,0.2340368938446045,0.4815931308269501,0.22203537940979004,0.4830778527259827
