gesture,min_x,max_x,min_y,max_y
left,0.32370896339416505,0.8710194110870362,0.15513804256916047,0.6748993873596192
