gesture,min_x,max_x,min_y,max_y
left,0.16051543951034547,0.6976183533668519,0.333683443069458,0.7717870950698853
