gesture,min_x,max_x,min_y,max_y
left,0.3308387517929077,0.7304062128067017,0.268918913602829,0.611822533607483
