gesture,min_x,max_x,min_y,max_y
left,0.30835373401641847,0.7277340769767762,0.20050157308578492,0.5621238827705384
