gesture,min_x,max_x,min_y,max_y
left,0.16114060282707215,0.7160219430923462,0.24914671182632447,0.7127612113952637
