gesture,min_x,max_x,min_y,max_y
left,0.39167163968086244,0.7640330076217652,0.30325005650520326,0.6716087341308594
