gesture,min_x,max_x,min_y,max_y
left,0.13548533320426942,0.6901206254959107,0.2385490357875824,0.59087233543396
