gesture,min_x,max_x,min_y,max_y
left,0.28927789330482484,0.813422429561615,0.42018715739250184,0.8884958505630494
