gesture,min_x,max_x,min_y,max_y
left,0.4467867136001587,0.841567087173462,0.3697264015674591,0.71031813621521
