gesture,min_x,max_x,min_y,max_y
left,0.34083153009414674,0.7277024269104004,0.3583642661571503,0.6826057314872742
