gesture,min_x,max_x,min_y,max_y
left,0.25008336901664735,0.7699956774711609,0.18622541129589082,0.6225075006484986
