gesture,min_x,max_x,min_y,max_y
left,0.23307709097862245,0.718703317642212,0.3170673966407776,0.7585710763931275
