gesture,min_x,max_x,min_y,max_y
left,0.4229018807411194,0.8421355962753296,0.19432286620140077,0.6607654571533204
