gesture,min_x,max_x,min_y,max_y
left,0.40302903652191163,0.6973144292831421,0.2730079412460327,0.6666360974311829
