gesture,min_x,max_x,min_y,max_y
left,0.338766348361969,0.7449077844619751,0.3542074680328369,0.6955177068710328
