gesture,min_x,max_x,min_y,max_y
left,0.34269965887069703,0.8800182819366456,0.19055792391300203,0.6569296002388001
