gesture,min_x,max_x,min_y,max_y
left,0.27335305213928224,0.8314379930496216,0.11684536635875702,0.6317571878433228
