gesture,min_x,max_x,min_y,max_y
left,0.20905543565750123,0.731422233581543,0.36489368677139283,0.7965193271636963
