gesture,min_x,max_x,min_y,max_y
left,0.2398741662502289,0.8165420770645142,0.1892445504665375,0.7149613380432129
