gesture,min_x,max_x,min_y,max_y
left,0.38784675002098085,0.8078709125518799,0.3122313141822815,0.6908781409263611
