gesture,min_x,max_x,min_y,max_y
left,0.48360748291015626,0.8690688490867615,0.29638774394989015,0.6582490682601929
