gesture,min_x,max_x,min_y,max_y
left,0.25978360772132875,0.8078644752502442,0.18325838148593904,0.633296537399292
