gesture,min_x,max_x,min_y,max_y
left,0.2802605152130127,0.8101506114006043,0.2494600534439087,0.6914461135864258
