gesture,min_x,max_x,min_y,max_y
left,0.30997411608695985,0.8157923698425293,0.4060889005661011,0.8557578802108765
