gesture,min_x,max_x,min_y,max_y
left,0.30658377408981324,0.785556185245514,0.14769445061683656,0.6141571879386902
