gesture,min_x,max_x,min_y,max_y
left,0.22297714352607728,0.7951232671737671,0.12915360629558564,0.6376433849334717
