gesture,min_x,max_x,min_y,max_y
left,0.3255455017089844,0.8357311964035035,0.2757870674133301,0.7057555198669434
