gesture,min_x,max_x,min_y,max_y
left,0.29322217106819154,0.795566725730896,0.2444261133670807,0.6887389898300171
