gesture,min_x,max_x,min_y,max_y
left,0.2986717939376831,0.8205603837966919,0.21773983240127565,0.6756226897239686
