gesture,min_x,max_x,min_y,max_y
left,0.23075255870819092,0.4703972625732422,0.4314816606044769,0.6939280319213867
