gesture,min_x,max_x,min_y,max_y
left,0.22622212886810303,0.4637671995162964,0.43767583489418027,0.6950360822677613
