gesture,min_x,max_x,min_y,max_y
left,0.3843710243701935,0.8103725790977478,0.30735473036766053,0.6896218538284302
