gesture,min_x,max_x,min_y,max_y
left,0.16047890186309816,0.7099363684654236,0.2817818641662598,0.7291518330574036
