gesture,min_x,max_x,min_y,max_y
left,0.3970716714859009,0.8098574161529541,0.30968086123466493,0.6857471942901612
