gesture,min_x,max_x,min_y,max_y
left,0.24809683561325074,0.830032753944397,0.24995918273925782,0.7652719497680665
