gesture,min_x,max_x,min_y,max_y
left,0.26094837188720704,0.7764074087142945,0.11773092746734619,0.609918224811554
