gesture,min_x,max_x,min_y,max_y
left,0.38804749846458436,0.7979320764541626,0.2727183818817139,0.6221926093101502
