gesture,min_x,max_x,min_y,max_y
left,0.23697386384010316,0.8115209221839905,0.20459831953048707,0.7244011044502259
