gesture,min_x,max_x,min_y,max_y
left,0.42318053245544435,0.9191722750663758,0.3344202160835266,0.793439793586731
