gesture,min_x,max_x,min_y,max_y
left,0.3299407482147217,0.8735194087028504,0.18940084874629975,0.6616408109664917
