gesture,min_x,max_x,min_y,max_y
left,0.18283156752586366,0.7102705717086792,0.36001302003860475,0.7929315447807312
