gesture,min_x,max_x,min_y,max_y
left,0.3486650109291077,0.7495624899864197,0.25688661336898805,0.6050803542137146
