gesture,min_x,max_x,min_y,max_y
left,0.4156818509101868,0.9080988049507142,0.32083768844604493,0.8024496912956238
