gesture,min_x,max_x,min_y,max_y
left,0.1583926796913147,0.6938950300216675,0.33019615411758424,0.7724798202514649
