gesture,min_x,max_x,min_y,max_y
left,0.25058962106704713,0.785133171081543,0.1982254207134247,0.6375035524368287
