gesture,min_x,max_x,min_y,max_y
left,0.33739705085754396,0.739569890499115,0.25726447701454164,0.6042780756950379
