gesture,min_x,max_x,min_y,max_y
left,0.2947808027267456,0.7226967096328736,0.18555682599544526,0.5581369876861573
