gesture,min_x,max_x,min_y,max_y
left,0.20728600144386292,0.4478666472434998,0.3638232064247131,0.6419453310966492
