gesture,min_x,max_x,min_y,max_y
left,0.20944184184074402,0.4418846952915192,0.3969038438796997,0.6627343583106995
