gesture,min_x,max_x,min_y,max_y
left,0.29025415778160096,0.8106920003890992,0.1737696945667267,0.6916521668434144
