gesture,min_x,max_x,min_y,max_y
left,0.2965036451816559,0.8112357139587403,0.40885562896728517,0.872113573551178
