gesture,min_x,max_x,min_y,max_y
left,0.3256851553916931,0.7330883026123047,0.24400700330734254,0.5872064113616944
