gesture,min_x,max_x,min_y,max_y
left,0.34052608609199525,0.7292372465133667,0.3626493334770203,0.6866686224937439
