gesture,min_x,max_x,min_y,max_y
left,0.30071033239364625,0.8027662515640259,0.24892498254776002,0.697161066532135
