gesture,min_x,max_x,min_y,max_y
left,0.2513022840023041,0.7637973308563233,0.1711889922618866,0.6038904070854187
