gesture,min_x,max_x,min_y,max_y
left,0.41567365527153016,0.8927141308784485,0.30123544931411744,0.7488192200660706
