gesture,min_x,max_x,min_y,max_y
left,0.30799360275268556,0.8251685380935669,0.2642995834350586,0.7026274681091309
