gesture,min_x,max_x,min_y,max_y
left,0.15947059988975526,0.7146465659141541,0.2508241653442383,0.7115724563598633
