gesture,min_x,max_x,min_y,max_y
left,0.41013718843460084,0.8090695023536683,0.26933709979057313,0.6280572891235352
