gesture,min_x,max_x,min_y,max_y
left,0.17997844219207765,0.7419877529144288,0.16729689836502076,0.6575322628021241
