gesture,min_x,max_x,min_y,max_y
left,0.27380035519599916,0.8391170978546143,0.34200860261917115,0.8402169823646546
