gesture,min_x,max_x,min_y,max_y
left,0.30044416785240174,0.7229841232299805,0.19063345789909364,0.5578843832015992
