gesture,min_x,max_x,min_y,max_y
left,0.3031794548034668,0.8119250416755677,0.25207791924476625,0.7034703969955445
