gesture,min_x,max_x,min_y,max_y
left,0.1874529540538788,0.7490491151809693,0.3503458321094513,0.7881111383438111
