gesture,min_x,max_x,min_y,max_y
left,0.14519567489624025,0.694027590751648,0.22471277117729188,0.5729183435440064
