gesture,min_x,max_x,min_y,max_y
left,0.27426804304122926,0.8356828570365906,0.1661538451910019,0.6374981880187989
