gesture,min_x,max_x,min_y,max_y
left,0.2567840933799744,0.8138314366340638,0.15384037494659425,0.6206571340560914
