gesture,min_x,max_x,min_y,max_y
left,0.4242068946361542,0.6945044279098511,0.30268110036849977,0.6415698409080506
