gesture,min_x,max_x,min_y,max_y
left,0.36845718026161195,0.7690412282943726,0.2630561113357544,0.6111583590507508
