gesture,min_x,max_x,min_y,max_y
left,0.15316237211227418,0.6937138915061951,0.3177842617034912,0.7616064429283143
