gesture,min_x,max_x,min_y,max_y
left,0.38911802768707277,0.8248379707336426,0.3246342957019806,0.7205595254898072
