gesture,min_x,max_x,min_y,max_y
left,0.4935735583305359,0.8746099948883057,0.3180596351623535,0.6731871247291565
