gesture,min_x,max_x,min_y,max_y
left,0.27433420419692994,0.7317359924316407,0.16206392347812654,0.5533230185508728
