gesture,min_x,max_x,min_y,max_y
left,0.13277263641357423,0.693890917301178,0.2718744993209839,0.5723182439804078
