gesture,min_x,max_x,min_y,max_y
left,0.31521247029304506,0.868513572216034,0.18277828097343446,0.6688987493515015
