gesture,min_x,max_x,min_y,max_y
left,0.16995759010314943,0.7142718315124512,0.34718669652938844,0.7906737804412842
