gesture,min_x,max_x,min_y,max_y
left,0.3292804181575775,0.7288101196289063,0.3043391823768616,0.6393182754516602
