gesture,min_x,max_x,min_y,max_y
left,0.23378242254257203,0.800097393989563,0.20359290838241578,0.7166936874389649
