gesture,min_x,max_x,min_y,max_y
left,0.27897743582725526,0.727742600440979,0.17256222367286683,0.5543282508850098
