gesture,min_x,max_x,min_y,max_y
left,0.16971720457077027,0.700554895401001,0.3431918740272522,0.7878885746002198
