gesture,min_x,max_x,min_y,max_y
left,0.23782612085342408,0.7937452077865601,0.16219730377197267,0.625197458267212
