gesture,min_x,max_x,min_y,max_y
left,0.29039032459259034,0.8382511615753174,0.38233031034469606,0.8508990287780762
