gesture,min_x,max_x,min_y,max_y
left,0.4081993818283081,0.8844225883483887,0.31384475231170655,0.7514678716659546
