gesture,min_x,max_x,min_y,max_y
left,0.3193639636039734,0.7415539503097535,0.2794827938079834,0.6264659643173218
