gesture,min_x,max_x,min_y,max_y
left,0.1374460279941559,0.6901538252830506,0.2177050828933716,0.5713642716407776
