gesture,min_x,max_x,min_y,max_y
left,0.3016209125518799,0.8536178350448609,0.18793788254261018,0.6540140390396119
