gesture,min_x,max_x,min_y,max_y
left,0.14643595814704896,0.6794366717338562,0.23845092654228212,0.5862880825996399
