gesture,min_x,max_x,min_y,max_y
left,0.1337776154279709,0.6878217935562134,0.29550365805625917,0.5559288144111634
