gesture,min_x,max_x,min_y,max_y
left,0.3249261498451233,0.7376633167266846,0.3474161446094513,0.6941513299942017
