gesture,min_x,max_x,min_y,max_y
left,0.15875763893127443,0.7030240178108216,0.2745908617973328,0.7318045377731324
