gesture,min_x,max_x,min_y,max_y
left,0.2531238913536072,0.7996142387390137,0.1903356581926346,0.636637556552887
