gesture,min_x,max_x,min_y,max_y
left,0.20896963894367218,0.44342806816101077,0.3801748168468475,0.6529811310768128
