gesture,min_x,max_x,min_y,max_y
left,0.2881131887435913,0.7749779105186463,0.23704506158828736,0.6833127021789551
