gesture,min_x,max_x,min_y,max_y
left,0.4277582883834839,0.8046454071998597,0.17515425086021424,0.6322668671607972
