gesture,min_x,max_x,min_y,max_y
left,0.2856232047080994,0.8323261618614197,0.40937451720237733,0.9061451435089112
