gesture,min_x,max_x,min_y,max_y
left,0.2615861415863037,0.7527528285980225,0.170158189535141,0.584239411354065
