gesture,min_x,max_x,min_y,max_y
left,0.2671444535255432,0.770678448677063,0.3667773425579071,0.8001822710037232
