gesture,min_x,max_x,min_y,max_y
left,0.3220259666442871,0.8642203092575074,0.17586025297641755,0.6361796140670777
