gesture,min_x,max_x,min_y,max_y
left,0.26766539812088014,0.7456678032875061,0.16254849433898927,0.560910987854004
