gesture,min_x,max_x,min_y,max_y
left,0.2920664370059967,0.8141097903251648,0.14019958376884462,0.6318231105804444
