gesture,min_x,max_x,min_y,max_y
left,0.19921801686286927,0.7231709837913514,0.36245850920677186,0.7932931661605835
