gesture,min_x,max_x,min_y,max_y
left,0.38814438581466676,0.8326346158981324,0.3322031617164612,0.7356821775436402
