gesture,min_x,max_x,min_y,max_y
left,0.3559095084667206,0.8933198928833008,0.18367474973201753,0.7008696675300599
