gesture,min_x,max_x,min_y,max_y
left,0.23518179059028627,0.7486238956451416,0.3638748347759247,0.8021357536315918
