gesture,min_x,max_x,min_y,max_y
left,0.25316632986068727,0.7982039332389832,0.19368040263652803,0.6535485267639161
