gesture,min_x,max_x,min_y,max_y
left,0.42653383016586305,0.9188914775848389,0.3231478452682495,0.7769601225852967
