gesture,min_x,max_x,min_y,max_y
left,0.3814880967140198,0.7849334955215455,0.37253682017326356,0.7118027687072754
