gesture,min_x,max_x,min_y,max_y
left,0.32703371047973634,0.8215631723403931,0.3573372185230255,0.8019192695617676
