gesture,min_x,max_x,min_y,max_y
left,0.4259146571159363,0.9183523535728455,0.2329338312149048,0.7460394382476807
