gesture,min_x,max_x,min_y,max_y
left,0.2998784899711609,0.7568698406219483,0.11417044401168823,0.6063422441482544
