gesture,min_x,max_x,min_y,max_y
left,0.4099192440509796,0.7249978661537171,0.29637954831123353,0.6835155367851258
