gesture,min_x,max_x,min_y,max_y
left,0.3849852204322815,0.8161415338516236,0.3177814602851868,0.7084405899047852
