gesture,min_x,max_x,min_y,max_y
left,0.26537434458732606,0.8245715379714966,0.15987191796302797,0.630493986606598
