gesture,min_x,max_x,min_y,max_y
left,0.23579345345497132,0.7160097241401673,0.29772157669067384,0.7452627897262574
