gesture,min_x,max_x,min_y,max_y
left,0.2741240680217743,0.8228696465492249,0.18496413230895997,0.635972547531128
