gesture,min_x,max_x,min_y,max_y
left,0.14908735156059266,0.6966626524925232,0.29829899668693544,0.7475955963134766
