gesture,min_x,max_x,min_y,max_y
left,0.26581079959869386,0.7458531141281128,0.1636853039264679,0.56669842004776
