gesture,min_x,max_x,min_y,max_y
left,0.16485108137130738,0.7228863716125489,0.21880446076393129,0.6898096680641175
