gesture,min_x,max_x,min_y,max_y
left,0.2096557629108429,0.45238044738769534,0.43221858263015744,0.6929523634910584
