gesture,min_x,max_x,min_y,max_y
left,0.232338787317276,0.47098985195159915,0.4306382846832275,0.6904522466659546
