gesture,min_x,max_x,min_y,max_y
left,0.3257067918777466,0.734836745262146,0.2890077352523804,0.6249837160110474
