gesture,min_x,max_x,min_y,max_y
left,0.3333065927028656,0.7286442399024964,0.32197160720825196,0.6521510362625123
