gesture,min_x,max_x,min_y,max_y
left,0.33433125615119935,0.7355820417404175,0.26171101331710817,0.6070892095565796
