gesture,min_x,max_x,min_y,max_y
left,0.3183411478996277,0.7259848594665528,0.22518421411514283,0.5710468173027039
