gesture,min_x,max_x,min_y,max_y
left,0.4024384438991547,0.9280362606048584,0.1879279136657715,0.7093357920646668
