gesture,min_x,max_x,min_y,max_y
left,0.42018685936927797,0.9258450746536255,0.2010446310043335,0.7233154058456421
