gesture,min_x,max_x,min_y,max_y
left,0.14169069826602937,0.6880467414855957,0.22426421642303468,0.5765470743179322
