gesture,min_x,max_x,min_y,max_y
left,0.398067307472229,0.8635646581649781,0.3341391205787659,0.7542104601860047
