gesture,min_x,max_x,min_y,max_y
left,0.33810989260673524,0.7277738928794861,0.34595383405685426,0.6724902272224427
