gesture,min_x,max_x,min_y,max_y
left,0.32655246257781984,0.7260505437850953,0.27263782620429994,0.6113590478897095
