gesture,min_x,max_x,min_y,max_y
left,0.3583535075187683,0.7610767364501954,0.25948692560195924,0.6077664375305176
