gesture,min_x,max_x,min_y,max_y
left,0.27780352234840394,0.8220074653625489,0.4291386127471924,0.9122950911521912
