gesture,min_x,max_x,min_y,max_y
left,0.15786020159721376,0.7105004668235779,0.2693417489528656,0.7265928268432618
