gesture,min_x,max_x,min_y,max_y
left,0.23715005517005922,0.7961284399032593,0.14744856655597688,0.6151603937149048
