gesture,min_x,max_x,min_y,max_y
left,0.4093040943145752,0.8136915445327759,0.3837449073791504,0.7203813076019288
