gesture,min_x,max_x,min_y,max_y
left,0.2654756724834442,0.8076283216476441,0.1057641327381134,0.6280614018440247
