gesture,min_x,max_x,min_y,max_y
left,0.1457756280899048,0.6834747672080994,0.22680397033691407,0.5779998779296875
