gesture,min_x,max_x,min_y,max_y
left,0.28747246861457826,0.8461946725845337,0.17697463631629945,0.6460701107978821
