gesture,min_x,max_x,min_y,max_y
left,0.35175822377204896,0.8870700478553772,0.19326179921627046,0.6593210577964783
