gesture,min_x,max_x,min_y,max_y
left,0.31517786979675294,0.8160653591156006,0.35574082732200624,0.7802567958831788
