gesture,min_x,max_x,min_y,max_y
left,0.34280933141708375,0.8806685686111451,0.17841045260429383,0.6436149954795838
