gesture,min_x,max_x,min_y,max_y
left,0.34450615644454957,0.7259586930274964,0.3420762538909912,0.6644238114356995
