gesture,min_x,max_x,min_y,max_y
left,0.27034242153167726,0.7482210278511048,0.16382133662700654,0.5587375640869141
