gesture,min_x,max_x,min_y,max_y
left,0.3021035611629486,0.8519351959228516,0.13007615208625795,0.6468965888023377
