gesture,min_x,max_x,min_y,max_y
left,0.3730096936225891,0.799955177307129,0.2964021682739258,0.6770447373390198
