gesture,min_x,max_x,min_y,max_y
left,0.25682408809661866,0.7578810930252076,0.1675213247537613,0.5918238639831543
