gesture,min_x,max_x,min_y,max_y
left,0.38421760201454164,0.749005126953125,0.1557345360517502,0.6000606894493103
