gesture,min_x,max_x,min_y,max_y
left,0.3096726953983307,0.863624382019043,0.19769707024097444,0.6679018616676331
