gesture,min_x,max_x,min_y,max_y
left,0.31354899406433107,0.7492205381393433,0.2942637622356415,0.6603380918502808
