gesture,min_x,max_x,min_y,max_y
left,0.391867858171463,0.6832904100418091,0.21409929990768434,0.6307086229324341
