gesture,min_x,max_x,min_y,max_y
left,0.16594402194023133,0.723101544380188,0.21791751384735109,0.6901569247245789
