gesture,min_x,max_x,min_y,max_y
left,0.38141645193099977,0.7848733544349671,0.13184319138526918,0.6055148124694825
