gesture,min_x,max_x,min_y,max_y
left,0.31378470063209535,0.738954770565033,0.3130923926830292,0.6721294403076172
