gesture,min_x,max_x,min_y,max_y
left,0.4701871395111084,0.864037024974823,0.3596200168132782,0.7046741724014283
