gesture,min_x,max_x,min_y,max_y
left,0.3182268261909485,0.7674292802810669,0.2846562683582306,0.6598545789718628
