gesture,min_x,max_x,min_y,max_y
left,0.19044623970985414,0.7565566778182984,0.1440702944993973,0.6411651849746705
