gesture,min_x,max_x,min_y,max_y
left,0.3817994713783264,0.9163273453712464,0.19042895436286927,0.7087705612182618
