gesture,min_x,max_x,min_y,max_y
left,0.3320391893386841,0.7446457624435425,0.26161728501319886,0.6034166097640992
