gesture,min_x,max_x,min_y,max_y
left,0.394848895072937,0.8182138085365296,0.3072254776954651,0.6893775343894959
