gesture,min_x,max_x,min_y,max_y
left,0.34192500710487367,0.7428280591964722,0.2561169981956482,0.6008121848106385
