gesture,min_x,max_x,min_y,max_y
left,0.41278277039527894,0.9083098649978638,0.3409900486469269,0.8074595212936402
