gesture,min_x,max_x,min_y,max_y
left,0.34897075295448304,0.7790624380111695,0.2906736254692078,0.6654676675796509
