gesture,min_x,max_x,min_y,max_y
left,0.3245745420455933,0.8220556259155274,0.3921738684177399,0.8408005714416504
