gesture,min_x,max_x,min_y,max_y
left,0.23520080447196962,0.8193191766738892,0.2051114857196808,0.7388998746871949
