gesture,min_x,max_x,min_y,max_y
left,0.4721330523490906,0.8581644177436829,0.2826815366744995,0.6432729840278626
