gesture,min_x,max_x,min_y,max_y
left,0.4168007493019104,0.8942859649658204,0.3017473340034485,0.7776703119277955
