gesture,min_x,max_x,min_y,max_y
left,0.24060059785842897,0.7990973472595215,0.1451008141040802,0.6456336259841919
