gesture,min_x,max_x,min_y,max_y
left,0.3514376401901245,0.886757242679596,0.17676271200180055,0.6527489304542542
