gesture,min_x,max_x,min_y,max_y
left,0.2753268003463745,0.8069764852523804,0.24414415359497071,0.6852856159210206
