gesture,min_x,max_x,min_y,max_y
left,0.42957807779312135,0.9111319065093995,0.3129661798477173,0.7603173732757569
