gesture,min_x,max_x,min_y,max_y
left,0.42946959733963014,0.9226727366447449,0.2781482458114624,0.76897292137146
