gesture,min_x,max_x,min_y,max_y
left,0.3123788356781006,0.7279040098190308,0.21065507531166078,0.567483413219452
