gesture,min_x,max_x,min_y,max_y
left,0.385737818479538,0.812266218662262,0.3004614233970642,0.6859841227531434
