gesture,min_x,max_x,min_y,max_y
left,0.4345465421676636,0.8339157581329346,0.37877578735351564,0.7179351329803467
