gesture,min_x,max_x,min_y,max_y
left,0.3944061517715454,0.8459266304969788,0.3337376832962036,0.7438962936401368
