gesture,min_x,max_x,min_y,max_y
left,0.19033409357070924,0.7564934968948365,0.1438915401697159,0.6409554362297059
