gesture,min_x,max_x,min_y,max_y
left,0.31877477169036866,0.7354036450386048,0.33852864503860475,0.686054813861847
