gesture,min_x,max_x,min_y,max_y
left,0.34013877511024476,0.8464884638786316,0.2810780227184296,0.712690818309784
