gesture,min_x,max_x,min_y,max_y
left,0.1378778636455536,0.689293372631073,0.22681326866149903,0.5734984159469605
