gesture,min_x,max_x,min_y,max_y
left,0.38072283267974855,0.7817225337028504,0.26808173656463624,0.6179187774658204
