gesture,min_x,max_x,min_y,max_y
left,0.3430290937423706,0.7322032928466797,0.29254562854766847,0.6251891136169434
