gesture,min_x,max_x,min_y,max_y
left,0.3103186011314392,0.6915829062461853,0.24141128063201905,0.7090243577957154
