gesture,min_x,max_x,min_y,max_y
left,0.28983102440834047,0.7703538417816163,0.24266315698623658,0.6790532350540162
