gesture,min_x,max_x,min_y,max_y
left,0.41084171533584596,0.9189275979995728,0.3469879150390625,0.8132329463958741
