gesture,min_x,max_x,min_y,max_y
left,0.26368741393089296,0.7469912052154541,0.1688730686903,0.5780426740646363
