gesture,min_x,max_x,min_y,max_y
left,0.2910354256629944,0.8148453712463379,0.25470657348632814,0.6950250744819642
