gesture,min_x,max_x,min_y,max_y
left,0.29458455443382264,0.7931300878524781,0.3575620472431183,0.7874805212020874
