gesture,min_x,max_x,min_y,max_y
left,0.2543192028999329,0.8324238538742066,0.286376428604126,0.7936244487762452
