gesture,min_x,max_x,min_y,max_y
left,0.20784515261650086,0.44489854454994204,0.4098514330387115,0.7387534070014954
