gesture,min_x,max_x,min_y,max_y
left,0.13213145434856416,0.687034296989441,0.2753731429576874,0.569930899143219
