gesture,min_x,max_x,min_y,max_y
left,0.20385046005249025,0.7778674244880677,0.1376819431781769,0.6414189815521241
