gesture,min_x,max_x,min_y,max_y
left,0.20316554725170136,0.43686726570129397,0.40634396791458127,0.7141202974319458
