gesture,min_x,max_x,min_y,max_y
left,0.27197028398513795,0.8061101913452149,0.2364142656326294,0.6822659850120545
