gesture,min_x,max_x,min_y,max_y
left,0.42970283031463624,0.8255649685859681,0.2676485896110535,0.6310190439224244
