gesture,min_x,max_x,min_y,max_y
left,0.13675169348716737,0.6786448240280152,0.25430492758750917,0.6040910363197327
