gesture,min_x,max_x,min_y,max_y
left,0.20360095918178558,0.43608015656471255,0.40024829030036924,0.6625415968894959
