gesture,min_x,max_x,min_y,max_y
left,0.2269255828857422,0.4541667687892914,0.3392945539951324,0.5992515969276428
