gesture,min_x,max_x,min_y,max_y
left,0.48963059186935426,0.8800222158432007,0.33984766602516175,0.6905500173568726
