gesture,min_x,max_x,min_y,max_y
left,0.3999008655548096,0.8693222880363465,0.3265104115009308,0.7512207508087159
