gesture,min_x,max_x,min_y,max_y
left,0.38430644273757936,0.8123992562294007,0.3086374521255493,0.6955849409103394
