gesture,min_x,max_x,min_y,max_y
left,0.26748738884925843,0.7897860884666443,0.1456503987312317,0.6716063499450684
