gesture,min_x,max_x,min_y,max_y
left,0.3835092008113861,0.8407472252845765,0.18918452858924867,0.6360021114349366
