gesture,min_x,max_x,min_y,max_y
left,0.24482585191726686,0.7921646714210511,0.1788719564676285,0.636018979549408
