gesture,min_x,max_x,min_y,max_y
left,0.33212746381759645,0.759862232208252,0.28567434549331666,0.6563287258148194
