gesture,min_x,max_x,min_y,max_y
left,0.27991406321525575,0.8105071663856507,0.42263431549072267,0.908340322971344
