gesture,min_x,max_x,min_y,max_y
left,0.2608033537864685,0.8033849477767945,0.2126316547393799,0.6662683963775635
