gesture,min_x,max_x,min_y,max_y
open,0.3054714024066925,0.7477434754371644,0.05541698336601257,0.7105619192123414
