gesture,min_x,max_x,min_y,max_y
open,0.31704015731811525,0.7300405383110047,0.05200649499893188,0.6734827637672425
