gesture,min_x,max_x,min_y,max_y
open,0.44350890517234803,0.8462191104888916,0,0.5881775498390198
