gesture,min_x,max_x,min_y,max_y
open,0.2624909996986389,0.7108445048332215,0.06911720037460327,0.6622403144836426
