gesture,min_x,max_x,min_y,max_y
open,0.16753352880477906,0.6197152614593506,0.03398929238319397,0.6483066558837891
