gesture,min_x,max_x,min_y,max_y
open,0.1879347723722458,0.4753195929527283,0.46233019351959226,0.8614404487609864
