gesture,min_x,max_x,min_y,max_y
open,0.2164068341255188,0.8099007487297059,0.06940488219261169,0.8073907971382142
