gesture,min_x,max_x,min_y,max_y
open,0.171201092004776,0.6129856586456299,0.09758488535881042,0.6675817847251893
