gesture,min_x,max_x,min_y,max_y
open,0.2939985513687134,0.6826167583465577,0.13247678875923158,0.6707792758941651
