gesture,min_x,max_x,min_y,max_y
open,0.33506099581718446,0.7382421374320984,0.1053439199924469,0.6928818702697754
