gesture,min_x,max_x,min_y,max_y
open,0.18182876825332642,0.4683777976036072,0.4414565575122833,0.8413219141960144
