gesture,min_x,max_x,min_y,max_y
open,0.30532161593437196,0.7113020300865174,0.0958720862865448,0.6802414536476136
