gesture,min_x,max_x,min_y,max_y
open,0.3719380021095276,0.7956215023994446,0.04840881824493408,0.719266939163208
