gesture,min_x,max_x,min_y,max_y
open,0.1675978422164917,0.6140674829483033,0.08649109005928039,0.6671925067901612
