gesture,min_x,max_x,min_y,max_y
open,0.23398117423057557,0.6517930507659913,0.1385543465614319,0.6819389939308167
