gesture,min_x,max_x,min_y,max_y
open,0.3611016392707825,0.6296254873275757,0,0.7376221895217896
