gesture,min_x,max_x,min_y,max_y
open,0.2779993534088135,0.7019899964332581,0.11879582405090332,0.6713321685791016
