gesture,min_x,max_x,min_y,max_y
open,0.330000114440918,0.7380687475204468,0.07295520305633545,0.6836321234703064
