gesture,min_x,max_x,min_y,max_y
open,0.2575432777404785,0.7180252552032471,0,0.6220039010047913
