gesture,min_x,max_x,min_y,max_y
open,0.257084858417511,0.66335027217865,0.1528430700302124,0.6877304792404175
