gesture,min_x,max_x,min_y,max_y
open,0.2034703314304352,0.806826400756836,0.0677690327167511,0.8078451037406922
