gesture,min_x,max_x,min_y,max_y
open,0.35323036909103395,0.763078260421753,0,0.6342256546020508
