gesture,min_x,max_x,min_y,max_y
open,0.18252670466899873,0.623238492012024,0.10745872259140014,0.6718003034591675
