gesture,min_x,max_x,min_y,max_y
open,0.38007516860961915,0.7435670971870423,0.14006514549255372,0.6934658765792847
