gesture,min_x,max_x,min_y,max_y
open,0.4073342204093933,0.7806230068206788,0.060470175743103025,0.6525580167770386
