gesture,min_x,max_x,min_y,max_y
open,0.3797774434089661,0.7692054390907288,0.07706911563873291,0.6629376292228699
