gesture,min_x,max_x,min_y,max_y
open,0.44089866876602174,0.8445953607559205,0,0.5192724943161011
