gesture,min_x,max_x,min_y,max_y
open,0.3039819121360779,0.7347761273384095,0.0786177635192871,0.6670923113822937
