gesture,min_x,max_x,min_y,max_y
open,0.3729034185409546,0.7719896316528321,0.061103534698486325,0.6697606325149537
