gesture,min_x,max_x,min_y,max_y
open,0.4089572250843048,0.7801617860794068,0.07244391441345215,0.6564236760139466
