gesture,min_x,max_x,min_y,max_y
open,0.3137846112251282,0.7404019117355347,0.07535580992698669,0.6714461922645569
