gesture,min_x,max_x,min_y,max_y
open,0.34526361227035524,0.7961607456207276,0.04770920872688293,0.7125888347625733
