gesture,min_x,max_x,min_y,max_y
open,0.25193716287612916,0.6967440128326416,0,0.6327385187149048
