gesture,min_x,max_x,min_y,max_y
open,0.3777549684047699,0.7390146732330323,0.14782206416130067,0.6953050971031189
