gesture,min_x,max_x,min_y,max_y
open,0.37397916316986085,0.7571021795272828,0.15921477675437928,0.6925185203552247
