gesture,min_x,max_x,min_y,max_y
open,0.32517958879470826,0.7364435076713562,0.06137723922729492,0.6804706931114197
