gesture,min_x,max_x,min_y,max_y
open,0.26406259536743165,0.7125979542732239,0.05018682479858398,0.6462871313095093
