gesture,min_x,max_x,min_y,max_y
open,0.32886983156204225,0.7087053537368775,0.15683649182319642,0.6964546322822571
