gesture,min_x,max_x,min_y,max_y
open,0.31898988485336305,0.7389980435371399,0.0036646246910095187,0.6371317982673645
