gesture,min_x,max_x,min_y,max_y
open,0.30852569341659547,0.7360305666923523,0.055137735605239865,0.6939505219459534
