gesture,min_x,max_x,min_y,max_y
open,0.31088865995407106,0.6980481624603272,0.15778322219848634,0.7022113084793091
