gesture,min_x,max_x,min_y,max_y
open,0.18224952816963197,0.6218451738357544,0.10662595629692077,0.6711596727371216
