gesture,min_x,max_x,min_y,max_y
open,0.26508928537368776,0.7123889207839966,0.05735294222831726,0.6561800718307496
