gesture,min_x,max_x,min_y,max_y
open,0.3431821584701538,0.7575842618942261,0,0.632700252532959
