gesture,min_x,max_x,min_y,max_y
open,0.3069781482219696,0.731198537349701,0.08217034935951233,0.6984724283218384
