gesture,min_x,max_x,min_y,max_y
open,0.304919970035553,0.7070054292678833,0.09759078621864319,0.6762311935424805
