gesture,min_x,max_x,min_y,max_y
open,0.19152552008628845,0.4794065642356873,0.4886105370521545,0.9017641830444336
