gesture,min_x,max_x,min_y,max_y
open,0.37520201206207277,0.7768284559249878,0.0006074428558349582,0.6546118140220643
