gesture,min_x,max_x,min_y,max_y
open,0.3598125994205475,0.7821416139602662,0,0.7145932793617249
