gesture,min_x,max_x,min_y,max_y
open,0.2274755358695984,0.676169502735138,0.012143921852111814,0.6368766307830811
