gesture,min_x,max_x,min_y,max_y
open,0.24117447137832643,0.807096290588379,0.054126274585723874,0.7959323406219483
