gesture,min_x,max_x,min_y,max_y
open,0.19758879840373994,0.6503757119178772,0.08731440901756286,0.6932920694351197
