gesture,min_x,max_x,min_y,max_y
open,0.3800963878631592,0.7466219544410706,0.13216094374656678,0.6910542726516724
