gesture,min_x,max_x,min_y,max_y
open,0.29054264426231385,0.6873890042304993,0.15502689480781556,0.697142767906189
