gesture,min_x,max_x,min_y,max_y
open,0.2936369299888611,0.6845773339271546,0.12957809567451478,0.6703473806381226
