gesture,min_x,max_x,min_y,max_y
open,0.37082476615905763,0.7502986073493958,0.20211942195892335,0.7097157120704651
