gesture,min_x,max_x,min_y,max_y
open,0.25676093697547914,0.7939513206481934,0.04309566020965576,0.7858605861663819
