gesture,min_x,max_x,min_y,max_y
open,0.2744202733039856,0.7071407914161683,0.08737127184867859,0.6623704910278321
