gesture,min_x,max_x,min_y,max_y
open,0.32176823616027833,0.7466373324394227,0.08257598876953125,0.6752096891403199
