gesture,min_x,max_x,min_y,max_y
open,0.26774044036865235,0.671260404586792,0.1527849853038788,0.6957192897796631
