gesture,min_x,max_x,min_y,max_y
open,0.3454259753227234,0.7753034114837647,0,0.6872741460800171
