gesture,min_x,max_x,min_y,max_y
open,0.35144991874694825,0.7832281470298768,0,0.6571152687072754
