gesture,min_x,max_x,min_y,max_y
open,0.17619181871414186,0.6169385194778443,0.10481168031692505,0.6658695816993714
