gesture,min_x,max_x,min_y,max_y
open,0.14230103492736818,0.5925760746002198,0.2077686607837677,0.7301099181175232
