gesture,min_x,max_x,min_y,max_y
open,0.3848793923854828,0.7738320112228394,0.05927128791809082,0.6577634692192078
