gesture,min_x,max_x,min_y,max_y
open,0.37367470264434816,0.7314410090446473,0.15723998546600343,0.700909423828125
