gesture,min_x,max_x,min_y,max_y
open,0.2955384969711304,0.7311341643333436,0.08564127683639526,0.6737720847129822
