gesture,min_x,max_x,min_y,max_y
open,0.3793293356895447,0.8096467733383179,8.563399314880094e-05,0.5817222476005555
