gesture,min_x,max_x,min_y,max_y
open,0.13903014063835145,0.5931001782417298,0.1602997899055481,0.7105243086814881
