gesture,min_x,max_x,min_y,max_y
open,0.16419627964496614,0.6232561349868775,0.09056554436683655,0.6904551267623902
