gesture,min_x,max_x,min_y,max_y
open,0.31323827505111695,0.7328087568283081,0.009116184711456296,0.6462439775466919
