gesture,min_x,max_x,min_y,max_y
open,0.2535602569580078,0.7155243635177613,0,0.6275535106658936
