gesture,min_x,max_x,min_y,max_y
open,0.2577021837234497,0.6600217700004578,0.1459969848394394,0.6976410031318665
