gesture,min_x,max_x,min_y,max_y
open,0.2614936947822571,0.7064304828643799,0.07601768970489502,0.6602879047393799
