gesture,min_x,max_x,min_y,max_y
open,0.3376515030860901,0.7551607966423035,0.08452184200286865,0.6791626691818238
