gesture,min_x,max_x,min_y,max_y
open,0.16790747344493867,0.6174419403076172,0.06926180124282837,0.6649096488952637
