gesture,min_x,max_x,min_y,max_y
open,0.1847635179758072,0.6391046524047852,0.0957572877407074,0.6907341361045838
