gesture,min_x,max_x,min_y,max_y
open,0.251274836063385,0.6609927296638489,0.15078480243682862,0.6875517249107361
