gesture,min_x,max_x,min_y,max_y
open,0.2612531900405884,0.8022290349006653,0.043677371740341184,0.789025354385376
