gesture,min_x,max_x,min_y,max_y
open,0.3609047055244446,0.7670282602310181,0.0662520945072174,0.644670593738556
