gesture,min_x,max_x,min_y,max_y
open,0.3953798532485962,0.7658567905426026,0.10915346145629883,0.6816774487495423
