gesture,min_x,max_x,min_y,max_y
open,0.22990210056304933,0.8088293552398682,0.05645392537117004,0.8126538872718811
