gesture,min_x,max_x,min_y,max_y
open,0.2854395925998688,0.7259757995605469,0.07178459763526916,0.679976511001587
