gesture,min_x,max_x,min_y,max_y
open,0.33412830233573915,0.7509127140045166,0,0.6362466096878052
