gesture,min_x,max_x,min_y,max_y
open,0.21384493708610536,0.6391571044921875,0.12296501994132995,0.6793371319770813
