gesture,min_x,max_x,min_y,max_y
open,0.3205326318740845,0.7022494554519654,0.1592617154121399,0.7008511304855347
