gesture,min_x,max_x,min_y,max_y
open,0.3485528349876404,0.7351451992988587,0.2076650381088257,0.7182153344154358
