gesture,min_x,max_x,min_y,max_y
open,0.38003639578819276,0.767979907989502,0.09491164684295654,0.6728468418121338
