gesture,min_x,max_x,min_y,max_y
open,0.35342313051223756,0.7343098998069764,0.22964079380035402,0.7202109575271607
