gesture,min_x,max_x,min_y,max_y
open,0.25801209807395936,0.799772310256958,0.041467171907424924,0.8000741481781006
