gesture,min_x,max_x,min_y,max_y
open,0.1405442774295807,0.5955943942070008,0.1402110278606415,0.7084908962249756
