gesture,min_x,max_x,min_y,max_y
open,0.3234453618526459,0.7698195457458497,0.055632215738296506,0.7232545495033265
