gesture,min_x,max_x,min_y,max_y
open,0.16792019903659822,0.6131026029586792,0.09353802800178528,0.6689277172088623
