gesture,min_x,max_x,min_y,max_y
open,0.19129712581634523,0.6559948205947876,0.03328554034233093,0.6574700951576233
