gesture,min_x,max_x,min_y,max_y
open,0.3383068859577179,0.7373263716697693,0.13311113119125367,0.702854323387146
