gesture,min_x,max_x,min_y,max_y
open,0.20219061970710756,0.8030421018600464,0.06491647362709045,0.7969070553779602
