gesture,min_x,max_x,min_y,max_y
open,0.2828841328620911,0.7172115325927735,0,0.6409550786018372
