gesture,min_x,max_x,min_y,max_y
open,0.3608599126338959,0.688687014579773,0,0.6638830184936524
