gesture,min_x,max_x,min_y,max_y
open,0.2884913206100464,0.6826661109924317,0.10832868218421936,0.6724306225776673
