gesture,min_x,max_x,min_y,max_y
open,0.3791367530822754,0.7640429615974427,0.1353499710559845,0.6887312412261963
