gesture,min_x,max_x,min_y,max_y
open,0.14514533877372743,0.605954933166504,0.09321237802505493,0.6813737630844117
