gesture,min_x,max_x,min_y,max_y
open,0.2611220896244049,0.7130849838256836,0.03212617039680481,0.6450229167938233
