gesture,min_x,max_x,min_y,max_y
open,0.2551149547100067,0.7109541773796082,0.007612389326095578,0.6392826318740845
