gesture,min_x,max_x,min_y,max_y
open,0.23281652927398683,0.8126404166221619,0.04819439053535461,0.8065308213233948
