gesture,min_x,max_x,min_y,max_y
open,0.28790606260299684,0.7060627818107605,0.12287510633468628,0.6795455694198609
