gesture,min_x,max_x,min_y,max_y
open,0.42390833497047425,0.7968414306640625,0,0.5692047357559205
