gesture,min_x,max_x,min_y,max_y
open,0.35727853775024415,0.7367903470993042,0.23329658508300782,0.7187819361686707
