gesture,min_x,max_x,min_y,max_y
open,0.2774054527282715,0.7052094221115113,0.05087284445762634,0.6714328408241272
