gesture,min_x,max_x,min_y,max_y
open,0.36696858406066896,0.7466912150382996,0.2174074172973633,0.7193967580795289
