gesture,min_x,max_x,min_y,max_y
open,0.39756805896759034,0.5925727367401123,0,0.6765712976455689
