gesture,min_x,max_x,min_y,max_y
open,0.18176860809326173,0.6451224565505982,0.026704055070877072,0.6333168625831604
