gesture,min_x,max_x,min_y,max_y
open,0.2891116261482239,0.6826930522918702,0.11226670145988464,0.6692252635955811
