gesture,min_x,max_x,min_y,max_y
open,0.2459023416042328,0.8009286999702454,0.05003671050071716,0.8032920241355896
