gesture,min_x,max_x,min_y,max_y
open,0.1932817965745926,0.6262332081794739,0.11230988502502441,0.6711438179016114
