gesture,min_x,max_x,min_y,max_y
open,0.2943852663040161,0.6802711963653565,0.1348336458206177,0.6684674501419068
