gesture,min_x,max_x,min_y,max_y
open,0.2793064534664154,0.7036383628845215,0.1278155565261841,0.6759377002716065
