gesture,min_x,max_x,min_y,max_y
open,0.3505952477455139,0.7933061003684998,0.060805869102478025,0.7306966066360474
