gesture,min_x,max_x,min_y,max_y
open,0.37443960905075074,0.7536081552505494,0.1792611300945282,0.6996331691741944
