gesture,min_x,max_x,min_y,max_y
open,0.2677700638771057,0.7209057092666626,0.00021977424621581754,0.5862131595611573
