gesture,min_x,max_x,min_y,max_y
open,0.3628188490867615,0.741091537475586,0.23129112720489503,0.7215477705001831
