gesture,min_x,max_x,min_y,max_y
open,0.39153311848640443,0.7612557291984559,0.11484537720680237,0.6874619603157044
