gesture,min_x,max_x,min_y,max_y
open,0.1405694752931595,0.5978199720382691,0.12336669564247131,0.6954967856407166
