gesture,min_x,max_x,min_y,max_y
open,0.3037997603416443,0.7211224913597107,0.047667515277862546,0.6705449104309082
