gesture,min_x,max_x,min_y,max_y
open,0.2986747443675995,0.698488998413086,0.10536931157112121,0.6757009506225586
