gesture,min_x,max_x,min_y,max_y
open,0.21491034030914308,0.6610219359397889,0.07501677870750427,0.691943097114563
