gesture,min_x,max_x,min_y,max_y
open,0.2683647692203522,0.7190035462379456,0.011123371124267575,0.6506348133087159
