gesture,min_x,max_x,min_y,max_y
open,0.3300247311592102,0.7503372311592102,0.08980573415756225,0.675560998916626
