gesture,min_x,max_x,min_y,max_y
open,0.26474179029464723,0.7030428528785706,0,0.6318275213241578
