gesture,min_x,max_x,min_y,max_y
open,0.29468719363212587,0.6929491639137269,0.12143353819847107,0.6726178407669068
