gesture,min_x,max_x,min_y,max_y
open,0.3224409341812134,0.7348161220550538,0.054777723550796506,0.6814013004302979
