gesture,min_x,max_x,min_y,max_y
open,0.19527679800987244,0.4820445764064789,0.48697999238967893,0.9069251108169556
