gesture,min_x,max_x,min_y,max_y
open,0.2899937152862549,0.6921737670898438,0.10686357021331787,0.6661220669746399
