gesture,min_x,max_x,min_y,max_y
open,0.16849286556243898,0.6194947838783265,0.05387429594993591,0.6604352474212647
