gesture,min_x,max_x,min_y,max_y
open,0.32398165464401246,0.7435006380081177,0,0.6384397029876709
