gesture,min_x,max_x,min_y,max_y
open,0.33320866227149964,0.7875948429107666,0.05092496871948242,0.7204039573669434
