gesture,min_x,max_x,min_y,max_y
open,0.26544822454452516,0.7037957191467286,0.0595963716506958,0.6915148377418519
