gesture,min_x,max_x,min_y,max_y
open,0.3789836883544922,0.7740980863571167,0.022447478771209714,0.6450381755828858
