gesture,min_x,max_x,min_y,max_y
open,0.3457119584083557,0.7357916116714478,0.17619333863258363,0.7100701808929444
