gesture,min_x,max_x,min_y,max_y
open,0.39880986213684083,0.7788663387298584,0.06204668879508972,0.6529773950576783
