gesture,min_x,max_x,min_y,max_y
open,0.3608169972896576,0.7247596859931946,0.16871837973594667,0.7039018750190735
