gesture,min_x,max_x,min_y,max_y
open,0.28243685960769654,0.7029414653778077,0.12651426792144777,0.6803239464759827
