gesture,min_x,max_x,min_y,max_y
open,0.40310258865356446,0.7784065485000611,0.0645685613155365,0.6555928468704224
