gesture,min_x,max_x,min_y,max_y
open,0.3802520751953125,0.7737940430641175,0.05951229929924011,0.6566299080848694
