gesture,min_x,max_x,min_y,max_y
open,0.34048030972480775,0.7421981573104859,0.14835916161537172,0.7198315143585206
