gesture,min_x,max_x,min_y,max_y
open,0.3014709770679474,0.7191687107086182,0.10889212489128113,0.693169641494751
