gesture,min_x,max_x,min_y,max_y
open,0.21766639947891236,0.6679398894309998,0.02373833656311035,0.6449535965919495
