gesture,min_x,max_x,min_y,max_y
open,0.29059590101242067,0.7128497242927552,0.04856966137886047,0.6714542388916016
