gesture,min_x,max_x,min_y,max_y
open,0.13880350887775422,0.6002673387527466,0.11278547048568725,0.6923429250717164
