gesture,min_x,max_x,min_y,max_y
open,0.37704665660858155,0.7608654975891114,0.14810014963150026,0.6888329267501831
