gesture,min_x,max_x,min_y,max_y
open,0.2615102052688599,0.7114415645599366,0.050443065166473386,0.6511658906936646
