gesture,min_x,max_x,min_y,max_y
open,0.18035829186439514,0.46833363056182864,0.4443799567222595,0.8541710662841797
