gesture,min_x,max_x,min_y,max_y
open,0.31333051323890687,0.7574744701385498,0.058076333999633786,0.7199043512344361
