gesture,min_x,max_x,min_y,max_y
open,0.18255171298980713,0.46834567070007327,0.45048287630081174,0.8793767380714417
