gesture,min_x,max_x,min_y,max_y
open,0.22539926767349244,0.6458462357521058,0.13236571550369264,0.6827329874038697
