gesture,min_x,max_x,min_y,max_y
open,0.15143842697143556,0.613999354839325,0.10750691294670105,0.6773398399353028
