gesture,min_x,max_x,min_y,max_y
open,0.37032432556152345,0.7724686145782471,0,0.6328149318695069
