gesture,min_x,max_x,min_y,max_y
open,0.3865092217922211,0.7567251205444336,0.12477604746818542,0.6869640827178956
