gesture,min_x,max_x,min_y,max_y
open,0.2731385946273804,0.6749956488609314,0.15373275876045228,0.6960375785827637
