gesture,min_x,max_x,min_y,max_y
open,0.23322052955627443,0.673171865940094,0.07436261773109436,0.6922728896141053
