gesture,min_x,max_x,min_y,max_y
open,0.14096699357032777,0.5940548658370972,0.19454377591609956,0.7260765314102173
