gesture,min_x,max_x,min_y,max_y
open,0.3275470852851868,0.7470365047454834,0,0.6324208855628968
