gesture,min_x,max_x,min_y,max_y
open,0.37939987778663636,0.7652862548828125,0.1145444929599762,0.6818353414535523
