gesture,min_x,max_x,min_y,max_y
open,0.17466030716896058,0.6285552859306336,0.09033043384552002,0.6809344172477723
