gesture,min_x,max_x,min_y,max_y
open,0.38026703596115113,0.7741405844688416,0.04215182065963745,0.6533668518066407
