gesture,min_x,max_x,min_y,max_y
open,0.3113756000995636,0.7331151247024537,0.062353742122650144,0.689164686203003
