gesture,min_x,max_x,min_y,max_y
open,0.36387999057769777,0.7691721200942994,0,0.6326310515403748
