gesture,min_x,max_x,min_y,max_y
open,0.2706557333469391,0.7122186303138733,0.08241380453109741,0.6647707700729371
