gesture,min_x,max_x,min_y,max_y
open,0.2627429974079132,0.49966668963432315,0.5033194732666015,0.9130856084823609
