gesture,min_x,max_x,min_y,max_y
open,0.13935123085975648,0.5991114854812623,0.10732190012931823,0.6848945498466492
