gesture,min_x,max_x,min_y,max_y
open,0.24577797651290895,0.658058512210846,0.14702509045600892,0.6901302814483643
