gesture,min_x,max_x,min_y,max_y
open,0.2657368898391724,0.7094806909561158,0.0792639672756195,0.6617979884147644
