gesture,min_x,max_x,min_y,max_y
open,0.3946289837360382,0.7775997400283814,0.06128699779510498,0.6546379804611206
