gesture,min_x,max_x,min_y,max_y
open,0.30252657532691957,0.7266625046730042,0.10639388561248779,0.7002417922019959
