gesture,min_x,max_x,min_y,max_y
open,0.15307862758636476,0.6145776987075806,0.09113092422485351,0.6824713826179505
