gesture,min_x,max_x,min_y,max_y
open,0.18258029341697693,0.4677904236316681,0.4386236977577209,0.8340812015533448
