gesture,min_x,max_x,min_y,max_y
open,0.29265345335006715,0.7042218923568726,0.11516786813735962,0.6740708827972413
