gesture,min_x,max_x,min_y,max_y
open,0.30040104389190675,0.7318521022796631,0.0038577437400817843,0.6498848080635071
