gesture,min_x,max_x,min_y,max_y
open,0.3038174033164978,0.713174569606781,0.10395709872245788,0.6843004703521729
