gesture,min_x,max_x,min_y,max_y
open,0.19004554748535157,0.8011659860610962,0.0733454942703247,0.800066876411438
