gesture,min_x,max_x,min_y,max_y
open,0.3039291024208069,0.7359316229820252,0.04820619225502014,0.6872069716453553
