gesture,min_x,max_x,min_y,max_y
open,0.29556540846824647,0.6883703351020813,0.1252355992794037,0.672725248336792
