gesture,min_x,max_x,min_y,max_y
open,0.17765669643878937,0.45048859596252444,0.4441266667842865,0.862188367843628
