gesture,min_x,max_x,min_y,max_y
open,0.24071044921875,0.6876019716262818,0.0015540242195129367,0.6379398584365845
