gesture,min_x,max_x,min_y,max_y
open,0.29019243717193605,0.6818088173866272,0.11383400559425354,0.6673746585845948
