gesture,min_x,max_x,min_y,max_y
open,0.1908695411682129,0.4787394392490387,0.4914363932609558,0.9088503408432007
