gesture,min_x,max_x,min_y,max_y
open,0.2601329207420349,0.7083909988403321,0.08082167506217956,0.6092386722564698
