gesture,min_x,max_x,min_y,max_y
open,0.4063114643096924,0.7767920374870301,0.07844955921173095,0.662082839012146
