gesture,min_x,max_x,min_y,max_y
open,0.24821288585662843,0.6865112066268921,0.06589038372039795,0.6846180438995362
