gesture,min_x,max_x,min_y,max_y
open,0.3780504584312439,0.8000108480453492,0.020947021245956418,0.7112150669097901
