gesture,min_x,max_x,min_y,max_y
open,0.24258143901824952,0.6546431064605713,0.1422774910926819,0.6918704986572266
