gesture,min_x,max_x,min_y,max_y
open,0.27625216245651246,0.6769305348396302,0.1511690139770508,0.6943001627922059
