gesture,min_x,max_x,min_y,max_y
open,0.37266595363616944,0.7587838053703309,0.1664370119571686,0.7104349613189698
