gesture,min_x,max_x,min_y,max_y
open,0.34010292291641236,0.7954054355621338,0.04845238924026489,0.7096910357475281
