gesture,min_x,max_x,min_y,max_y
open,0.20805559754371644,0.6623889684677124,0.0359573483467102,0.6511050939559937
