gesture,min_x,max_x,min_y,max_y
open,0.40161354541778566,0.7771180152893067,0.09867016673088073,0.6626914024353028
