gesture,min_x,max_x,min_y,max_y
open,0.2749877989292145,0.7104574322700501,0,0.6373771905899048
