gesture,min_x,max_x,min_y,max_y
open,0.18172556281089783,0.4679074275493622,0.4432687175273895,0.8406480240821839
