gesture,min_x,max_x,min_y,max_y
open,0.1407608360052109,0.5931865453720093,0.178242963552475,0.7178678989410401
