gesture,min_x,max_x,min_y,max_y
open,0.2757858157157898,0.703289020061493,0.09767909049987793,0.6672459125518799
