gesture,min_x,max_x,min_y,max_y
open,0.3514599323272705,0.7830844402313233,0.0021889328956603976,0.7084094166755677
