gesture,min_x,max_x,min_y,max_y
open,0.2821608304977417,0.6818696737289429,0.1521659314632416,0.695664930343628
