gesture,min_x,max_x,min_y,max_y
open,0.18303266286849976,0.46851962685585025,0.4388085913658142,0.8367685961723328
