gesture,min_x,max_x,min_y,max_y
open,0.4546442151069641,0.8554954409599305,0,0.5792270183563233
