gesture,min_x,max_x,min_y,max_y
open,0.2612486302852631,0.7997062683105469,0.0404298722743988,0.7855723381042481
