gesture,min_x,max_x,min_y,max_y
open,0.350846004486084,0.7195640683174134,0.16041066944599153,0.6017809987068177
