gesture,min_x,max_x,min_y,max_y
open,0.38337717652320863,0.7506622552871705,0.12874988913536073,0.6907600045204163
