gesture,min_x,max_x,min_y,max_y
open,0.27836759090423585,0.7203557968139649,0.04126666188240051,0.6645009994506836
