gesture,min_x,max_x,min_y,max_y
open,0.30086247324943544,0.6933887481689454,0.15616278052330018,0.7005363583564759
