gesture,min_x,max_x,min_y,max_y
open,0.19971403181552888,0.6306710720062256,0.11824477910995483,0.6764666318893433
