gesture,min_x,max_x,min_y,max_y
open,0.3589808166027069,0.7913778901100159,0.06754849553108215,0.7337685108184815
