gesture,min_x,max_x,min_y,max_y
open,0.1425823986530304,0.5928165197372437,0.208693665266037,0.730173933506012
