gesture,min_x,max_x,min_y,max_y
open,0.2926803946495056,0.6800718784332276,0.12031601071357727,0.6673292994499207
