gesture,min_x,max_x,min_y,max_y
open,0.34354783296585084,0.7839725494384766,0,0.6683145642280579
