gesture,min_x,max_x,min_y,max_y
open,0.16960043907165528,0.6257551789283753,0.023284894227981565,0.6495589494705201
