gesture,min_x,max_x,min_y,max_y
open,0.2947076678276062,0.6800917863845826,0.13054583668708802,0.6656102418899537
