gesture,min_x,max_x,min_y,max_y
open,0.3736525595188141,0.7539789557456971,0.18502513766288758,0.703018057346344
