gesture,min_x,max_x,min_y,max_y
open,0.40346689224243165,0.7756154417991639,0.09065799117088318,0.6663808107376099
